"","a","c","g","t","deletion","insertion","N","pos","TotalReads","MajNt","ref","transition.maj","transition.ref","pi","mutFreq","trasitionmutFreq","WTAA","MUTAA","TypeOfSite","makesCpG"
"1",5,11,78,50316,0,0,0,95,50410,"t","t","c","c",0.00372348999658856,0.00186470938305892,0.000218210672485618,"0","0","syn",0
"2",50544,64,5,19,0,0,0,96,50632,"a","a","g","g",0.00347129349331591,0.00173803128456312,9.87517775319956e-05,"0","0","syn",0
"5",51012,3,10,4,0,0,0,99,51029,"a","a","g","g",0.000666128808446926,0.000333143898567481,0.000195966999157342,"P","P","syn",1
"8",1,17,0,51224,31,0,0,102,51242,"t","a","c","g",0.000702314851913965,0.000351274345263651,0.000331759103860115,"A","A","syn",0
"9",4,25,1,51400,0,0,0,103,51430,"t","t","c","c",0.00116605128328817,0.00058331713007972,0.000486097608399767,"W","R","nonsyn",1
"12",51448,2,6,6,51,0,0,106,51462,"a","a","g","g",0.000543988079488857,0.000272045392716956,0.000116590882592981,"R","G","nonsyn",0
"15",52037,10,38,3,0,0,0,109,52088,"a","a","g","g",0.0019566934868985,0.00097911227154047,0.000729534633696821,"N","D","nonsyn",0
"16",52584,3,7,7,2,0,0,110,52601,"a","a","g","g",0.000646232421931456,0.000323187772095588,0.000133077317921713,"N","S","nonsyn",0
"17",0,15,2,52798,14,0,0,111,52815,"t","t","c","c",0.000643570807161931,0.000321878254283821,0.000284010224368077,"N","N","syn",1
"21",53967,31,10,15,0,0,0,115,54023,"a","a","g","g",0.00207167587832704,0.00103659552412861,0.000185106343594395,"T","A","nonsyn",0
"23",54196,9,99,13,0,0,0,117,54317,"a","a","g","g",0.00444695784664442,0.00222766353075464,0.00182263379789016,"T","T","syn",1
"24",54314,2,67,12,0,0,0,118,54395,"a","a","g","g",0.00297443028753372,0.00148910745472929,0.00123173085761559,"I","V","nonsyn",0
"25",9,84,12,54347,2,0,0,119,54452,"t","t","c","c",0.00385043366637261,0.00192830382722398,0.00154264306177918,"I","T","nonsyn",0
"26",24,82,8,54378,0,0,0,120,54492,"t","t","c","c",0.00417724376372985,0.00209205020920502,0.00150480804521765,"I","I","syn",0
"31",19,90,1,54595,4,0,0,125,54705,"t","t","c","c",0.00401469937704868,0.00201078512019011,0.00164518782561009,"L","P","nonsyn",0
"33",12,99,5,54634,0,0,0,127,54750,"t","t","c","c",0.00422962790600678,0.00211872146118721,0.00180821917808219,"F","L","nonsyn",0
"34",9,103,3,54660,1,0,0,128,54775,"t","t","c","c",0.00419102202466792,0.00209949794614331,0.00188041989958923,"F","S","nonsyn",0
"36",6,70,20,54728,2,0,0,130,54824,"t","t","c","c",0.0034972743470375,0.00175105793083321,0.00127681307456588,"C","R","nonsyn",1
"38",13,101,3,54791,1,0,0,132,54908,"t","t","c","c",0.00425369102477013,0.00213083703649741,0.0018394405186858,"C","C","syn",1
"41",54871,5,126,15,3,0,0,135,55017,"a","a","g","g",0.00529508055176514,0.00265372521220714,0.00229020121053493,"A","A","syn",1
"42",54888,2,121,18,2,0,0,136,55029,"a","a","g","g",0.00511306215921553,0.00256228534045685,0.00219884061131403,"T","A","nonsyn",0
"45",54882,15,92,6,3,0,0,139,54995,"a","a","g","g",0.00410235775015003,0.00205473224838622,0.00167287935266842,"K","E","nonsyn",1
"46",54817,5,101,24,3,0,0,140,54947,"a","a","g","g",0.00472265713227685,0.00236591624656487,0.00183813493002348,"K","R","nonsyn",0
"48",54837,6,105,25,3,0,0,142,54973,"a","a","g","g",0.00493789618245813,0.00247394175322431,0.00191002855947465,"N","D","nonsyn",0
"49",54830,3,148,16,4,0,0,143,54997,"a","a","g","g",0.00605650862589688,0.00303652926523265,0.00269105587577504,"N","S","nonsyn",0
"50",7,51,29,54628,3,0,0,144,54715,"t","t","c","c",0.00317642075567437,0.00159005757104999,0.000932102714063785,"N","N","syn",0
"51",54705,11,60,20,1,0,0,145,54796,"a","a","g","g",0.00331727990384184,0.00166070516096065,0.00109497043579823,"R","G","nonsyn",0
"55",54531,6,140,27,3,0,0,149,54704,"a","a","g","g",0.00630814228716548,0.00316247440772156,0.00255922784439895,"D","G","nonsyn",0
"56",8,58,6,54507,2,0,0,150,54579,"t","t","c","c",0.00263547428094324,0.00131918869895015,0.0010626797852654,"D","D","syn",0
"57",54516,6,79,19,1,0,0,151,54620,"a","a","g","g",0.00380227840942529,0.00190406444525815,0.00144635664591725,"T","A","nonsyn",0
"59",14,86,19,54370,11,0,0,153,54489,"t","t","c","c",0.00436040589144171,0.0021839270311439,0.00157830020738131,"T","T","syn",0
"60",9,95,10,54419,6,0,0,154,54533,"t","t","c","c",0.00417348890345437,0.00209047732565602,0.00174206443804669,"W","R","nonsyn",1
"65",54424,4,146,22,1,0,0,159,54596,"a","a","g","g",0.00628358376231064,0.00315041394973991,0.00267418858524434,"G","G","syn",0
"66",54478,3,143,27,1,0,0,160,54651,"a","a","g","g",0.00631396832942481,0.00316554134416571,0.00261660353881905,"T","A","nonsyn",0
"68",54616,5,88,9,1,0,0,162,54718,"a","a","g","g",0.00372210970111639,0.00186410322014694,0.00160824591542089,"T","T","syn",1
"69",54582,8,103,13,1,0,0,163,54706,"a","a","g","g",0.00452456306926501,0.00226666179212518,0.00188279164991043,"T","A","nonsyn",0
"71",33,117,10,54441,4,0,0,165,54601,"t","t","c","c",0.00584712108324625,0.00293034926100255,0.00214281789710811,"T","T","syn",0
"73",54489,9,103,27,5,0,0,167,54628,"a","a","g","g",0.00507866451103528,0.00254448268287325,0.00188547997363989,"Q","R","nonsyn",1
"75",14,101,6,54507,4,0,0,169,54628,"t","t","c","c",0.00442156045641462,0.00221498132825657,0.00184886871201582,"C","R","nonsyn",1
"79",27,91,9,54205,16,0,0,173,54332,"t","t","c","c",0.0046664178905591,0.00233748067437238,0.00167488772730619,"L","P","nonsyn",0
"80",54208,3,71,14,32,0,0,174,54296,"a","g","g","a",0.0032370847918224,0.00162074554294976,0.00130764697215264,"L","L","syn",0
"83",54997,5,90,29,36,0,0,177,55121,"a","a","g","g",0.00449118103308024,0.00224959634259175,0.00163277153897788,"P","P","syn",1
"85",54984,10,109,17,11,0,0,179,55120,"a","a","g","g",0.00492456161092518,0.00246734397677794,0.00197750362844702,"D","G","nonsyn",0
"86",4,60,7,55037,13,0,0,180,55108,"t","t","c","c",0.0025738916184137,0.0012883791826958,0.00108877114030631,"D","D","syn",0
"87",55034,4,70,4,17,0,0,181,55112,"a","a","g","g",0.0028269726398453,0.00141529975322979,0.00127014080418058,"N","D","nonsyn",0
"88",55002,3,108,15,11,0,0,182,55128,"a","a","g","g",0.00456204089906214,0.00228558989986939,0.00195907705703091,"N","S","nonsyn",0
"89",5,56,5,55005,13,0,0,183,55071,"t","t","c","c",0.00239441901396187,0.0011984529062483,0.00101686913257431,"N","N","syn",1
"92",23,90,10,54759,16,0,0,186,54882,"t","t","c","c",0.00447442304438006,0.00224117196895157,0.00163988192850115,"G","G","syn",1
"94",54773,5,108,21,12,0,0,188,54907,"a","a","g","g",0.00487100106167701,0.0024404902835704,0.00196696231810152,"D","G","nonsyn",0
"95",12,79,5,54845,17,0,0,189,54941,"t","t","c","c",0.00348948118545767,0.00174732895287672,0.00143790611747147,"D","D","syn",0
"96",5,73,4,54855,6,0,0,190,54937,"t","t","c","c",0.00298123044445509,0.00149261881791871,0.00132879480131787,"Y","H","nonsyn",0
"97",54860,4,44,9,15,0,0,191,54917,"a","a","g","g",0.00207410853633161,0.00103792996704117,0.000801209097365115,"Y","C","nonsyn",0
"98",1,105,11,54560,12,0,0,192,54677,"t","t","c","c",0.00427137130397814,0.00213983942059733,0.00192036871079247,"Y","Y","syn",0
"99",10,88,3,54526,10,0,0,193,54627,"t","t","c","c",0.00369175506784913,0.00184890255734344,0.00161092500045765,"S","P","nonsyn",0
"101",54523,9,129,11,15,0,0,195,54672,"a","a","g","g",0.00543762529559861,0.00272534386889084,0.0023595258999122,"S","S","syn",1
"103",54552,2,94,9,6,0,0,197,54657,"a","a","g","g",0.00383546608148955,0.00192107140896866,0.00171981630898147,"E","G","nonsyn",0
"104",54513,2,116,4,6,0,0,198,54635,"a","a","g","g",0.00445650075638199,0.00223300082364784,0.00212318111100943,"E","E","syn",0
"105",6,67,12,54433,8,0,0,199,54518,"t","t","c","c",0.00311423444592374,0.00155911808943835,0.00122895190579258,"L","L","syn",0
"106",19,89,8,54212,5,0,0,200,54328,"t","t","c","c",0.00426297115308116,0.00213517891326756,0.00163819761448977,"L","S","nonsyn",1
"112",11,81,6,53368,10,0,0,206,53466,"t","t","c","c",0.00366017135898189,0.00183294056035611,0.00151498148355965,"L","P","nonsyn",0
"113",10,67,2,53373,25,0,0,207,53452,"t","a","c","g",0.00295213113592596,0.00147796153558333,0.00125346104916561,"L","L","syn",0
"114",53755,3,72,3,13,0,0,208,53833,"a","a","g","g",0.00289395633984812,0.00144892538034291,0.001337469581855,"N","D","nonsyn",0
"115",53766,2,85,1,10,0,0,209,53854,"a","a","g","g",0.00326293222312448,0.00163404761020537,0.00157834144167564,"N","S","nonsyn",0
"116",2,70,3,53797,9,0,0,210,53872,"t","t","c","c",0.00278074673632656,0.00139218889218889,0.0012993762993763,"N","N","syn",1
"118",13,105,7,53440,11,0,0,212,53565,"t","t","c","c",0.00465786248125566,0.00233361336693737,0.00196023522822739,"V","A","nonsyn",0
"119",4,76,2,53324,4,0,0,213,53406,"t","t","c","c",0.00306642642047117,0.00153540800659102,0.00142306107927948,"V","V","syn",0
"120",53299,1,102,6,13,0,0,214,53408,"a","a","g","g",0.00407395984933539,0.00204089275014979,0.00190982624325944,"T","A","nonsyn",0
"122",53198,5,149,12,5,0,0,216,53364,"a","a","g","g",0.00620389074011252,0.00311071134097894,0.00279214451690278,"T","T","syn",1
"124",53139,2,98,10,6,0,0,218,53249,"a","a","g","g",0.00412384180741166,0.00206576649326748,0.00184041014854739,"E","G","nonsyn",0
"125",53040,7,154,9,0,0,0,219,53210,"a","a","g","g",0.00637114678002984,0.00319488817891374,0.00289419282089833,"E","E","syn",0
"126",53019,8,137,9,0,0,0,220,53173,"a","a","g","g",0.00577733581556802,0.00289620672145638,0.00257649558986704,"S","G","nonsyn",0
"129",6,88,6,52381,3,0,0,223,52481,"t","t","c","c",0.00380443445744827,0.00190545149673215,0.00167679731712429,"F","L","nonsyn",0
"130",11,78,5,52244,0,0,0,224,52338,"t","t","c","c",0.00358653636590422,0.00179601818946081,0.0014903129657228,"F","S","nonsyn",0
"131",16,85,6,52190,0,0,0,225,52297,"t","t","c","c",0.00408507831374705,0.00204600646308584,0.0016253322370308,"F","F","syn",1
"133",52051,5,124,8,0,0,0,227,52188,"a","a","g","g",0.00523767964755233,0.00262512454970491,0.0023760251398789,"D","G","nonsyn",0
"134",11,59,0,51814,0,0,0,228,51884,"t","t","c","c",0.00269516873128095,0.00134916351861846,0.00113715210854984,"D","D","syn",1
"137",14,93,9,50838,5,0,0,231,50954,"t","c","c","t",0.00454450565334552,0.0022765631746281,0.00182517564862425,"A","A","syn",0
"138",16,77,10,50697,5,0,0,232,50800,"t","t","c","c",0.00404857167214334,0.00202755905511811,0.00151574803149606,"W","R","nonsyn",1
"142",50457,8,139,23,2,0,0,236,50627,"a","a","g","g",0.00669673911017679,0.00335789203389496,0.00274557054536117,"E","G","nonsyn",0
"144",50540,6,133,23,2,0,0,238,50702,"a","a","g","g",0.00637297073166753,0.00319514023115459,0.00262317068360222,"N","D","nonsyn",0
"145",50601,8,101,12,2,0,0,239,50722,"a","a","g","g",0.00476136846854808,0.00238555262016482,0.00199124640195576,"N","S","nonsyn",0
"146",16,40,4,50673,2,0,0,240,50733,"t","t","c","c",0.00236319833658283,0.00118266217255041,0.000788441448366941,"N","N","syn",0
"147",50669,2,60,24,5,0,0,241,50755,"a","a","g","g",0.00338433502016308,0.00169441434341444,0.00118214954191705,"T","A","nonsyn",0
"149",50572,11,109,24,2,0,0,243,50716,"a","a","g","g",0.00566572928522604,0.00283934064200647,0.00214922312485212,"T","T","syn",1
"151",20,99,3,50482,2,0,0,245,50604,"t","t","c","c",0.00481195380497612,0.00241087661054462,0.00195636708560588,"V","A","nonsyn",0
"153",50336,5,92,8,8,0,0,247,50441,"a","a","g","g",0.00415558500753582,0.00208163993576654,0.0018239130865764,"T","A","nonsyn",1
"155",50191,9,128,21,12,0,0,249,50349,"a","a","g","g",0.00625967555535037,0.00313809608929671,0.00254225505968341,"T","T","syn",1
"157",50047,5,92,16,8,0,0,251,50160,"a","a","g","g",0.0044970313497605,0.00225279106858054,0.0018341307814992,"E","G","nonsyn",0
"158",49934,5,142,17,6,0,0,252,50098,"a","a","g","g",0.00652829201620993,0.00327358377579943,0.00283444448880195,"E","E","syn",0
"160",49861,3,110,25,9,0,0,254,49999,"a","a","g","g",0.00550739869374475,0.00276005520110402,0.00220004400088002,"Q","R","nonsyn",1
"164",49437,3,116,23,5,0,0,258,49579,"a","a","g","g",0.00571433548373192,0.00286411585550334,0.00233970027632667,"A","A","syn",1
"165",49403,9,84,17,4,0,0,259,49513,"a","a","g","g",0.0044353127243978,0.00222163876153737,0.00169652414517399,"I","V","nonsyn",0
"166",6,54,3,49269,7,0,0,260,49332,"t","t","c","c",0.00255127550535883,0.00127706154220384,0.00109462417903187,"I","T","nonsyn",0
"167",49154,3,64,17,8,0,0,261,49238,"a","a","g","g",0.00340727600694372,0.00170599943133352,0.00129980909053983,"I","M","nonsyn",0
"169",48858,8,114,11,7,0,0,263,48991,"a","a","g","g",0.00541670682910031,0.00271478434814558,0.00232695801269621,"E","G","nonsyn",0
"172",48552,2,96,14,4,0,0,266,48664,"a","a","g","g",0.00459371902015545,0.00230149597238205,0.00197271083347033,"D","G","nonsyn",0
"173",9,84,24,48000,9,0,0,267,48117,"t","t","c","c",0.00485390213807257,0.00243157304071326,0.00174574474717875,"D","D","syn",1
"175",7,49,1,47818,1,0,0,269,47875,"t","t","c","c",0.0023787141503453,0.00119060052219321,0.00102349869451697,"V","A","nonsyn",0
"176",47708,3,71,9,3,0,0,270,47791,"a","a","g","g",0.00346819460168391,0.00173672867276265,0.00148563537067649,"V","V","syn",0
"177",19,94,4,47588,2,0,0,271,47705,"t","t","c","c",0.00489508279082307,0.00245257310554449,0.00197044334975369,"W","R","nonsyn",1
"181",46907,2,110,22,0,0,0,275,47041,"a","a","g","g",0.00568335481973972,0.00284857889925809,0.00233838566357008,"Q","R","nonsyn",1
"182",46817,2,95,19,7,0,0,276,46933,"a","t","g","c",0.00493284514040406,0.00247160846312829,0.00202416210342403,"Q","Q","syn",0
"184",11,74,5,46851,1,0,0,278,46941,"t","t","c","c",0.00382837339623721,0.0019173004409791,0.00157644702924948,"L","P","nonsyn",0
"186",8,84,1,46777,12,0,0,280,46870,"t","t","c","c",0.00396124466490277,0.00198421164924259,0.00179219116705782,"F","L","nonsyn",0
"187",2,69,0,46783,3,0,0,281,46854,"t","t","c","c",0.00302622426200794,0.00151534554146924,0.0014726597515687,"F","S","nonsyn",0
"188",5,77,9,46734,0,0,0,282,46825,"t","t","c","c",0.00388028330771195,0.00194340630005339,0.00164442071542979,"F","F","syn",1
"190",46306,1,93,19,5,0,0,284,46419,"a","a","g","g",0.00485858798292507,0.00243434800405007,0.00200348995023589,"E","G","nonsyn",0
"192",45940,3,110,13,0,0,0,286,46066,"a","a","g","g",0.00545714482292633,0.00273520600877003,0.00238787826162463,"T","A","nonsyn",0
"195",14,86,8,45341,6,0,0,289,45449,"t","t","c","c",0.00474322665270521,0.0023762899073687,0.00189223085216396,"S","P","nonsyn",0
"197",45223,7,95,16,2,0,0,291,45341,"a","t","g","c",0.00519369071817718,0.00260250104761695,0.00209523389426788,"S","S","syn",1
"198",45145,7,70,13,0,0,0,292,45235,"a","a","g","g",0.00397275986820918,0.00198960981540842,0.00154747430087322,"I","V","nonsyn",0
"199",2,45,1,45048,0,0,0,293,45096,"t","t","c","c",0.00212666076625878,0.00106439595529537,0.000997871208089409,"I","T","nonsyn",0
"200",44915,6,60,1,12,0,0,294,44982,"a","a","g","g",0.00297495331381897,0.00148948468276199,0.00133386688008537,"I","M","nonsyn",0
"201",44821,5,72,8,0,0,0,295,44906,"a","a","g","g",0.00377948793698344,0.00189284282723912,0.00160334921836726,"K","E","nonsyn",0
"202",44732,1,95,5,0,0,0,296,44833,"a","a","g","g",0.00449603158762328,0.00225280485356768,0.00211897486226663,"K","R","nonsyn",0
"206",7,106,4,43635,5,0,0,300,43752,"t","c","c","t",0.0053352721272355,0.00267416346681295,0.00242274638873651,"P","P","syn",0
"207",2,80,0,43670,5,0,0,301,43752,"t","t","c","c",0.00374154198997467,0.00187420003656976,0.00182848784055586,"C","R","nonsyn",1
"209",8,67,6,43496,0,0,0,303,43577,"t","t","c","c",0.00371168577640324,0.00185877871354155,0.00153750831860844,"C","C","syn",1
"211",8,61,7,43175,2,0,0,305,43251,"t","t","c","c",0.0035092323554502,0.00175718480497561,0.0014103720145199,"V","A","nonsyn",0
"212",43061,3,52,3,39,0,0,306,43119,"a","a","g","g",0.00268695599909218,0.00134511468262251,0.00120596488786846,"V","V","syn",0
"213",42946,2,99,13,1,0,0,307,43060,"a","a","g","g",0.00528254896169903,0.00264746864839758,0.00229911751045053,"K","E","nonsyn",0
"214",42903,7,86,6,0,0,0,308,43002,"a","a","g","g",0.00459509119844968,0.00230221850146505,0.00199990698107065,"K","R","nonsyn",0
"215",42764,8,96,14,0,0,0,309,42882,"a","a","g","g",0.00549074941692161,0.00275173732568444,0.0022387015530992,"K","K","syn",0
"216",1,63,5,42724,0,0,0,310,42793,"t","t","c","c",0.00322004503297324,0.00161241324515692,0.00147220339775197,"L","L","syn",0
"217",2,38,1,42660,0,0,0,311,42701,"t","t","c","c",0.00191861313807429,0.000960164867333318,0.00088990890143088,"L","S","nonsyn",0
"218",41374,2,67,6,54,0,0,312,41449,"a","g","g","a",0.00361299486710576,0.00180945258027938,0.00161644430504958,"L","L","syn",0
"219",63,70,1,41219,4,0,0,313,41353,"t","a","c","g",0.00646510029575031,0.00324039368365052,0.00169274296907117,"S","P","nonsyn",0
"224",41158,14,57,6,0,0,0,318,41235,"a","c","g","t",0.00372915716756479,0.0018673457014672,0.00138232084394325,"P","P","syn",1
"225",18,52,3,41161,0,0,0,319,41234,"t","t","c","c",0.0035358468540948,0.00177038366396663,0.00126109521268856,"L","L","syn",0
"226",9,29,4,41191,1,0,0,320,41233,"t","t","c","c",0.00203561394910334,0.00101860160551015,0.00070332015618558,"L","S","nonsyn",0
"227",41154,9,62,8,1,0,0,321,41233,"a","a","g","g",0.00382586515052996,0.00191594111512623,0.00150364998908641,"L","L","syn",0
"228",9,91,0,41134,0,0,0,322,41234,"t","t","c","c",0.00483956656833995,0.00242518310132415,0.00220691662220498,"C","R","nonsyn",1
"231",40485,1,64,12,1,0,0,325,40562,"a","a","g","g",0.00379047563528211,0.00189832848478872,0.00157783146787634,"I","V","nonsyn",1
"232",6,57,4,40381,8,0,0,326,40448,"t","t","c","c",0.00330813407439523,0.00165644778481013,0.0014092167721519,"I","T","nonsyn",0
"233",8,32,6,40335,2,0,0,327,40381,"t","t","c","c",0.00227631223212799,0.00113914960005943,0.000792451895693519,"I","I","syn",0
"234",40164,2,45,9,10,0,0,328,40220,"a","a","g","g",0.00278144125756867,0.00139234211834908,0.00111884634510194,"T","A","nonsyn",0
"236",7,57,1,39717,24,0,0,330,39782,"t","c","c","t",0.00326305538276972,0.00163390478105676,0.00143280880800362,"T","T","syn",0
"237",39506,7,51,7,17,0,0,331,39571,"a","a","g","g",0.00328081229627009,0.00164261706805489,0.00128882262262768,"M","V","nonsyn",0
"238",5,48,7,39174,1,0,0,332,39234,"t","t","c","c",0.0030546880806388,0.00152928582352042,0.00122342865881633,"M","T","nonsyn",1
"240",38037,7,82,23,0,0,0,334,38149,"a","a","g","g",0.00585807692639877,0.00293585677213033,0.00214946656530971,"R","G","nonsyn",0
"242",36760,5,77,19,1,0,0,336,36861,"a","a","g","g",0.00546789122278396,0.00274002333089173,0.00208892867800657,"R","R","syn",0
"243",3,51,1,36517,0,0,0,337,36572,"t","t","c","c",0.00300355170712352,0.001503882751832,0.00139450946078968,"C","R","nonsyn",1
"246",35795,0,8,0,0,0,0,340,35803,"a","a","g","g",0.00044679007012259,0.000223444962712622,0.000223444962712622,"N","D","nonsyn",1
"247",35621,0,3,0,0,0,0,341,35624,"a","a","g","g",0.000168411596750893,8.42128901863912e-05,8.42128901863912e-05,"N","S","nonsyn",0
"248",0,2,0,35357,0,0,0,342,35359,"t","t","c","c",0.000113118972517867,5.65626855963121e-05,5.65626855963121e-05,"N","N","syn",0
"249",35242,0,0,0,0,0,0,343,35242,"a","a","g","g",0,0,0,"K","E","nonsyn",0
"250",34998,0,0,0,0,0,0,344,34998,"a","a","g","g",0,0,0,"K","R","nonsyn",0
"251",1713,0,229,1,0,0,0,345,1943,"a","g","g","a",0.208843972940593,0.118373648996397,0.117858980957283,"K","K","syn",0
"252",1607,0,0,0,0,0,0,346,1607,"a","a","g","g",0,0,0,"S","G","nonsyn",0
"254",167,1,0,566,0,0,0,348,734,"t","a","c","g",0.353610911061779,0.228882833787466,0.00136239782016349,"S","S","syn",1
"256",734,0,0,0,0,0,0,350,734,"a","a","g","g",0,0,0,"E","G","nonsyn",0
"258",733,0,0,0,0,0,0,352,733,"a","a","g","g",0,0,0,"T","A","nonsyn",0
"260",573,0,0,0,0,0,0,354,573,"a","a","g","g",0,0,0,"T","T","syn",1
"262",573,0,0,0,0,0,0,356,573,"a","a","g","g",0,0,0,"D","G","nonsyn",0
"263",0,0,0,573,0,0,0,357,573,"t","t","c","c",0,0,0,"D","D","syn",0
"264",573,0,0,0,0,0,0,358,573,"a","a","g","g",0,0,0,"K","E","nonsyn",0
"265",524,0,49,0,0,0,0,359,573,"a","g","g","a",0.156404094673331,0.0855148342059337,0.0855148342059337,"K","R","nonsyn",0
"266",573,0,0,0,0,0,0,360,573,"a","a","g","g",0,0,0,"K","K","syn",0
"267",0,0,0,572,0,0,0,361,572,"t","t","c","c",0,0,0,"W","R","nonsyn",1
"272",6,0,2,0,0,0,0,366,8,"a","g","g","a",0.375,0.25,0.25,"G","G","syn",0
"273",0,0,0,7,0,0,0,367,7,"t","t","c","c",0,0,0,"L","L","syn",0
"274",0,0,0,4,0,0,0,368,4,"t","t","c","c",0,0,0,"L","S","nonsyn",0
"275",2,0,0,0,0,0,0,369,2,"a","a","g","g",0,0,0,"L","L","syn",0
"276",2,0,0,0,0,0,0,370,2,"a","a","g","g",0,0,0,"T","A","nonsyn",0
"278",1,0,0,0,0,0,0,372,1,"a","a","g","g",0,0,0,"T","T","syn",1
"503",0,0,0,5,0,0,0,597,5,"t","t","c","c",0,0,0,"X","X","syn",1
"506",0,0,0,6,0,0,0,600,6,"t","a","c","g",0,0,0,"G","G","syn",0
"507",785,0,0,0,0,0,0,601,785,"a","a","g","g",0,0,0,"N","D","nonsyn",0
"508",973,0,58,0,0,0,0,602,1031,"a","g","g","a",0.10618263511079,0.0562560620756547,0.0562560620756547,"N","S","nonsyn",0
"509",0,0,0,28716,0,0,0,603,28716,"t","t","c","c",0,0,0,"N","N","syn",1
"511",29236,0,2,0,0,0,0,605,29238,"a","a","g","g",0.000136798904968737,6.84041316095492e-05,6.84041316095492e-05,"E","G","nonsyn",0
"512",29432,0,5,1,0,0,0,606,29438,"a","a","g","g",0.000407564844033583,0.0002038181941708,0.000169848495142333,"E","E","syn",0
"513",29696,0,4,0,0,0,0,607,29700,"a","a","g","g",0.000269323991882897,0.000134680134680135,0.000134680134680135,"S","G","nonsyn",0
"515",0,1,0,30120,0,0,0,609,30121,"t","t","c","c",6.63966535354721e-05,3.31994289698217e-05,3.31994289698217e-05,"S","S","syn",0
"516",30226,0,2,0,0,0,0,610,30228,"a","a","g","g",0.000132318887942245,6.61638216223369e-05,6.61638216223369e-05,"R","G","nonsyn",0
"518",31071,0,5,1,0,0,0,612,31077,"a","a","g","g",0.000386073461255436,0.000193068829037552,0.000160890690864627,"R","R","syn",0
"519",12,49,0,31429,0,0,0,613,31490,"t","t","c","c",0.0038679268401276,0.00193712289615751,0.00155604953953636,"C","R","nonsyn",1
"521",8,61,8,31650,1,0,0,615,31727,"t","t","c","c",0.00484419605506459,0.00242695495949822,0.00192265263025184,"C","C","syn",0
"522",0,33,2,31953,0,0,0,616,31988,"t","t","c","c",0.00218605524964832,0.00109416031011629,0.00103163686382393,"Y","H","nonsyn",0
"523",32135,5,53,6,4,0,0,617,32199,"a","a","g","g",0.00396855982724846,0.00198763936768223,0.00164601385136184,"Y","C","nonsyn",0
"525",32473,3,63,2,2,0,0,619,32541,"a","a","g","g",0.00417121580881032,0.00208967149134937,0.00193601917580898,"M","V","nonsyn",1
"526",2,63,4,32581,2,0,0,620,32650,"t","t","c","c",0.00421843816617373,0.00211332312404288,0.00192955589586524,"M","T","nonsyn",1
"528",32735,7,75,29,0,0,0,622,32846,"a","a","g","g",0.00674135468415254,0.00337940692930646,0.0022833830603422,"N","D","nonsyn",0
"529",33003,3,81,8,0,0,0,623,33095,"a","a","g","g",0.00554596761313848,0.00277987611421665,0.00244749962229944,"N","S","nonsyn",0
"530",11,46,7,33153,0,0,0,624,33217,"t","t","c","c",0.00384766443280349,0.00192672426769425,0.00138483306740524,"N","N","syn",0
"532",34191,3,50,3,0,0,0,626,34247,"a","a","g","g",0.00326553874053725,0.00163517972377143,0.00145998189622449,"H","R","nonsyn",1
"534",6,53,4,34739,4,0,0,628,34802,"t","t","c","c",0.00361484244902877,0.00181024079075915,0.00152290098270214,"C","R","nonsyn",1
"536",8,74,4,34717,3,0,0,630,34803,"t","t","c","c",0.00493140959612703,0.00247105134614832,0.00212625348389507,"C","C","syn",0
"537",34745,3,53,5,1,0,0,631,34806,"a","a","g","g",0.00349972452524127,0.00175257139573637,0.00152272596678734,"N","D","nonsyn",0
"538",34729,2,66,10,0,0,0,632,34807,"a","a","g","g",0.00447315403303822,0.00224092854885512,0.00189617031056971,"N","S","nonsyn",0
"540",34736,3,65,3,0,0,0,634,34807,"a","a","g","g",0.00407197609799702,0.00203981957652196,0.00186744045737926,"T","A","nonsyn",1
"542",5,70,10,34713,10,0,0,636,34798,"t","c","c","t",0.0048752218022311,0.00244266911891488,0.00201160986263578,"T","T","syn",0
"543",25,63,13,34696,11,0,0,637,34797,"t","a","c","g",0.00579273968812943,0.00290254907032215,0.00181050090525045,"S","P","nonsyn",0
"545",1,45,5,37100,15,0,0,639,37151,"t","t","c","c",0.00274218140286786,0.0013727759683454,0.00121127291324594,"S","S","syn",0
"546",37492,2,35,6,2,0,0,640,37535,"a","a","g","g",0.00228898461254105,0.00114559744238711,0.000932463034501132,"I","V","nonsyn",0
"547",8,44,3,37615,5,0,0,641,37670,"t","t","c","c",0.00291654807030373,0.001460047783382,0.0011680382267056,"I","T","nonsyn",0
"548",2,32,3,37823,2,0,0,642,37860,"t","t","c","c",0.00195289091598616,0.000977284733227681,0.000845219228737454,"I","I","syn",0
"549",38125,2,44,3,3,0,0,643,38174,"a","a","g","g",0.00256420726399025,0.00128359616492901,0.00115261696442605,"I","V","nonsyn",0
"550",5,66,3,38216,9,0,0,644,38290,"t","t","c","c",0.00385850965822065,0.00193261948289371,0.0017236876469052,"I","T","nonsyn",0
"553",40460,10,54,15,3,0,0,647,40539,"a","a","g","g",0.00389171172891628,0.00194874071881398,0.00133205061792348,"Q","R","nonsyn",1
"554",40559,4,53,11,2,0,0,648,40627,"a","a","g","g",0.00334294116502805,0.00167376375316907,0.00130455116055825,"Q","Q","syn",0
"556",40851,1,73,11,0,0,0,650,40936,"a","a","g","g",0.00414525957362231,0.00207641196013289,0.00178327144811413,"E","G","nonsyn",0
"558",5,51,4,40985,0,0,0,652,41045,"t","t","c","c",0.00291991528837443,0.00146181020830795,0.00124253867706176,"S","P","nonsyn",0
"560",9,106,10,42112,1,0,0,654,42237,"t","c","c","t",0.00590382261203359,0.00295949049411653,0.00250964793901082,"S","S","syn",0
"561",4,78,5,43864,1,0,0,655,43951,"t","t","c","c",0.00395186516226831,0.00197947714500239,0.00177470364724352,"C","R","nonsyn",1
"563",15,84,6,44153,1,0,0,657,44258,"t","t","c","c",0.00473554083897298,0.00237245243797731,0.00189796195038185,"C","C","syn",1
"565",44343,4,98,31,0,0,0,659,44476,"a","a","g","g",0.00596646227837107,0.00299037683244896,0.00220343556075187,"D","G","nonsyn",0
"567",44507,14,100,10,0,0,0,661,44631,"a","a","g","g",0.00554378782517523,0.00277833792655329,0.00224059510205911,"K","E","nonsyn",1
"568",44748,4,70,8,2,0,0,662,44830,"a","a","g","g",0.003652440883942,0.00182913227749275,0.00156145438322552,"K","R","nonsyn",0
"571",45246,3,62,12,3,0,0,665,45323,"a","a","g","g",0.00339300121786302,0.00169891666482801,0.0013679588729784,"H","R","nonsyn",1
"572",2,84,28,45349,4,0,0,666,45463,"t","t","c","c",0.00500498438865504,0.00250753359875063,0.00184765633592152,"H","H","syn",0
"573",5,49,5,45871,3,0,0,667,45930,"t","t","c","c",0.00256631497803161,0.00128456346614413,0.00106684084476377,"Y","H","nonsyn",0
"574",46108,1,40,4,3,0,0,668,46153,"a","a","g","g",0.00194832597129748,0.000975017875327714,0.000866682555846857,"Y","C","nonsyn",0
"575",7,50,9,46292,3,0,0,669,46358,"t","t","c","c",0.00284415426137086,0.00142370248932223,0.00107856249191078,"Y","Y","syn",0
"576",6,46,8,46452,1,0,0,670,46512,"t","t","c","c",0.00257729095717962,0.00128998968008256,0.000988992088063296,"W","R","nonsyn",1
"580",46730,10,112,12,3,0,0,674,46864,"a","a","g","g",0.00570467681061319,0.00285933765790372,0.00238989416182998,"D","G","nonsyn",0
"581",4,49,3,47147,6,0,0,675,47203,"t","t","c","c",0.0023702342754961,0.00118636527339364,0.00103806961421944,"D","D","syn",0
"582",47288,1,70,11,7,0,0,676,47370,"a","g","g","a",0.00345687222196146,0.0017310534093308,0.00147772852016044,"T","A","nonsyn",0
"584",15,63,7,47439,5,0,0,678,47524,"t","t","c","c",0.00357206233368257,0.00178856998569144,0.00132564598939483,"T","T","syn",0
"585",47559,9,73,9,3,0,0,679,47650,"a","a","g","g",0.00381345174954224,0.00190975865687303,0.00153200419727177,"I","V","nonsyn",0
"586",22,54,9,47597,13,0,0,680,47682,"t","t","c","c",0.00356057780352259,0.00178264334549725,0.00113250283125708,"I","T","nonsyn",0
"587",3,52,5,47831,3,0,0,681,47891,"t","t","c","c",0.00250292660011842,0.00125284500219248,0.00108579900190015,"I","I","syn",0
"588",47869,4,75,11,6,0,0,682,47959,"a","a","g","g",0.00374717907892643,0.0018766029316708,0.00156383577639234,"R","G","nonsyn",0
"590",48090,2,95,12,1,0,0,684,48199,"a","a","g","g",0.00451385269317245,0.00226145770659142,0.00197099524886408,"R","R","syn",0
"591",3,75,6,48377,34,0,0,685,48461,"t","t","c","c",0.00346128633503628,0.00173335259280659,0.00154763624357731,"F","L","nonsyn",0
"592",8,73,22,48630,5,0,0,686,48733,"t","t","c","c",0.00422017334603708,0.00211355754827324,0.00149795826236842,"F","S","nonsyn",0
"593",5,53,9,48998,3,0,0,687,49065,"t","t","c","c",0.00272799547814384,0.00136553551411393,0.00108019973504535,"F","F","syn",0
"594",49108,11,69,21,8,0,0,688,49209,"a","a","g","g",0.00409852931888026,0.002052470076612,0.00140218252758642,"R","G","nonsyn",0
"597",16,49,1,49494,3,0,0,691,49560,"t","t","c","c",0.00266058261856894,0.0013317191283293,0.000988700564971751,"Y","H","nonsyn",0
"598",49537,4,51,2,3,0,0,692,49594,"a","a","g","g",0.00229627856006627,0.0011493325805541,0.00102835020365367,"Y","C","nonsyn",0
"599",16,84,6,49596,2,0,0,693,49702,"t","t","c","c",0.00425789890759654,0.00213271095730554,0.00169007283409118,"Y","Y","syn",0
"600",8,93,4,49672,5,0,0,694,49777,"t","t","c","c",0.00421084336238053,0.00210940795949937,0.00186833276412801,"C","R","nonsyn",1
"602",15,129,11,49613,3,0,0,696,49768,"t","t","c","c",0.00621234400306714,0.00311445105288539,0.00259202700530461,"C","C","syn",1
"605",49746,14,131,10,4,0,0,699,49901,"a","a","g","g",0.00619564165154663,0.00310615017735116,0.00262519789182582,"A","A","syn",1
"608",21,97,9,50057,31,0,0,702,50184,"t","g","c","a",0.00505102644236355,0.0025306870715766,0.00193288697592858,"P","P","syn",0
"611",50720,6,77,13,19,0,0,705,50816,"a","a","g","g",0.00377239313967839,0.00188916876574307,0.00151527078085642,"P","P","syn",1
"614",13,73,2,51034,5,0,0,708,51122,"t","t","c","c",0.00343767642758908,0.00172137240327061,0.00142795665271312,"G","G","syn",0
"615",7,55,4,51139,2,0,0,709,51205,"t","t","c","c",0.00257503338566989,0.00128893662728249,0.00107411385606874,"Y","H","nonsyn",0
"616",51193,4,60,4,3,0,0,710,51261,"a","a","g","g",0.00264994717008341,0.00132654454653635,0.00117048048223796,"Y","C","nonsyn",0
"617",11,91,11,51185,4,0,0,711,51298,"t","t","c","c",0.00439753859965675,0.00220281492455846,0.00177394830207805,"Y","Y","syn",1
"620",6,104,9,50914,18,0,0,714,51033,"t","t","c","c",0.00465401365698193,0.00233182450571199,0.0020378970470088,"A","A","syn",0
"621",10,112,7,51171,15,0,0,715,51300,"t","t","c","c",0.00501809331646197,0.00251461988304094,0.00218323586744639,"0","0","syn",0
