"","seqnames","start","A","C","G","T","N","=","-","+","TotalReads"
"1","FJ842859.1","95",1,5,16,12154,0,0,0,0,12176
"2","FJ842859.1","96",12213,14,3,3,0,0,0,0,12233
"3","FJ842859.1","97",1,12296,1,7,0,0,0,0,12305
"4","FJ842859.1","98",2,12320,1,7,0,0,0,0,12330
"5","FJ842859.1","99",12338,0,2,1,0,0,0,0,12341
"6","FJ842859.1","100",13,1,12363,0,0,0,0,0,12377
"7","FJ842859.1","101",0,12378,1,5,0,0,0,0,12384
"8","FJ842859.1","102",0,4,0,12380,0,0,5,0,12384
"9","FJ842859.1","103",1,11,0,12400,0,0,0,0,12412
"10","FJ842859.1","104",5,2,12408,5,0,0,0,0,12420
"11","FJ842859.1","105",5,2,12420,0,0,0,1,0,12427
"12","FJ842859.1","106",12428,0,1,4,0,0,11,0,12433
"13","FJ842859.1","107",12,0,12446,3,0,0,2,0,12461
"14","FJ842859.1","108",3,1,12515,4,0,0,0,0,12523
"15","FJ842859.1","109",12580,1,7,3,0,0,0,0,12591
"16","FJ842859.1","110",12706,0,1,1,0,0,0,0,12708
"17","FJ842859.1","111",0,6,1,12757,0,0,4,0,12764
"18","FJ842859.1","112",6,1,12818,1,0,0,3,0,12826
"19","FJ842859.1","113",0,12951,0,6,0,0,3,0,12957
"20","FJ842859.1","114",7,2,12967,4,0,0,5,0,12980
"21","FJ842859.1","115",13004,13,2,5,0,0,0,0,13024
"22","FJ842859.1","116",0,13075,4,6,0,0,0,0,13085
"23","FJ842859.1","117",13072,1,23,6,0,0,0,0,13102
"24","FJ842859.1","118",13087,3,23,5,0,0,0,0,13118
"25","FJ842859.1","119",5,30,6,13088,0,0,1,0,13129
"26","FJ842859.1","120",1,22,0,13119,0,0,0,0,13142
"27","FJ842859.1","121",3,13120,0,15,0,0,6,0,13138
"28","FJ842859.1","122",8,13131,6,6,0,0,0,0,13151
"29","FJ842859.1","123",5,13157,0,11,0,0,0,0,13173
"30","FJ842859.1","124",8,13165,0,8,0,0,0,0,13181
"31","FJ842859.1","125",3,13,0,13185,0,0,0,0,13201
"32","FJ842859.1","126",6,13191,0,12,0,0,0,0,13209
"33","FJ842859.1","127",1,21,5,13189,0,0,0,0,13216
"34","FJ842859.1","128",4,28,0,13189,0,0,0,0,13221
"35","FJ842859.1","129",6,13210,0,12,0,0,0,0,13228
"36","FJ842859.1","130",4,28,2,13201,0,0,0,0,13235
"37","FJ842859.1","131",16,3,13225,0,0,0,0,0,13244
"38","FJ842859.1","132",3,33,1,13212,0,0,0,0,13249
"39","FJ842859.1","133",16,0,13240,0,0,0,0,0,13256
"40","FJ842859.1","134",1,13255,0,9,0,0,0,0,13265
"41","FJ842859.1","135",13215,3,43,1,0,0,0,0,13262
"42","FJ842859.1","136",13229,1,38,1,0,0,0,0,13269
"43","FJ842859.1","137",1,13257,0,7,0,0,0,0,13265
"44","FJ842859.1","138",0,13260,1,8,0,0,0,0,13269
"45","FJ842859.1","139",13242,0,22,1,0,0,1,0,13265
"46","FJ842859.1","140",13220,0,32,5,0,0,1,0,13257
"47","FJ842859.1","141",5,0,13262,0,0,0,0,0,13267
"48","FJ842859.1","142",13225,1,29,8,0,0,0,0,13263
"49","FJ842859.1","143",13237,0,19,6,0,0,0,0,13262
"50","FJ842859.1","144",2,11,5,13184,0,0,0,0,13202
"51","FJ842859.1","145",13200,0,18,5,0,0,0,0,13223
"52","FJ842859.1","146",10,3,13195,10,0,0,1,0,13218
"53","FJ842859.1","147",23,0,13165,10,0,0,0,0,13198
"54","FJ842859.1","148",8,0,13198,2,0,0,0,0,13208
"55","FJ842859.1","149",13186,0,25,9,0,0,0,0,13220
"56","FJ842859.1","150",6,11,0,13172,0,0,0,0,13189
"57","FJ842859.1","151",13162,3,33,6,0,0,0,0,13204
"58","FJ842859.1","152",1,13193,4,10,0,0,0,0,13208
"59","FJ842859.1","153",1,26,5,13145,0,0,0,0,13177
"60","FJ842859.1","154",4,22,4,13150,0,0,0,0,13180
"61","FJ842859.1","155",29,1,13145,2,0,0,11,0,13177
"62","FJ842859.1","156",8,0,13177,5,0,0,3,0,13190
"63","FJ842859.1","157",6,1,13167,6,0,0,0,0,13180
"64","FJ842859.1","158",14,1,13172,6,0,0,0,0,13193
"65","FJ842859.1","159",13169,0,38,4,0,0,1,0,13211
"66","FJ842859.1","160",13179,1,39,6,0,0,0,0,13225
"67","FJ842859.1","161",1,13224,2,11,0,0,0,0,13238
"68","FJ842859.1","162",13219,3,18,3,0,0,0,0,13243
"69","FJ842859.1","163",13216,0,24,5,0,0,0,0,13245
"70","FJ842859.1","164",0,13224,2,13,0,0,0,0,13239
"71","FJ842859.1","165",8,33,2,13169,0,0,0,0,13212
"72","FJ842859.1","166",3,13191,0,20,0,0,0,0,13214
"73","FJ842859.1","167",13191,3,21,6,0,0,0,0,13221
"74","FJ842859.1","168",21,1,13142,16,0,0,0,0,13180
"75","FJ842859.1","169",3,25,3,13203,0,0,0,0,13234
"76","FJ842859.1","170",10,0,13186,5,0,0,0,0,13201
"77","FJ842859.1","171",0,13180,7,11,0,0,0,0,13198
"78","FJ842859.1","172",4,13108,0,68,0,0,0,0,13180
"79","FJ842859.1","173",8,33,1,13143,0,0,0,0,13185
"80","FJ842859.1","174",13160,0,20,0,0,0,2,0,13180
"81","FJ842859.1","175",2,13380,2,13,0,0,0,0,13397
"82","FJ842859.1","176",4,13380,0,16,0,0,0,0,13400
"83","FJ842859.1","177",13364,0,30,9,0,0,2,0,13403
"84","FJ842859.1","178",4,0,13394,2,0,0,2,0,13400
"85","FJ842859.1","179",13369,3,26,8,0,0,0,0,13406
"86","FJ842859.1","180",4,71,2,13340,0,0,0,0,13417
"87","FJ842859.1","181",13378,4,30,2,0,0,0,0,13414
"88","FJ842859.1","182",13396,4,20,3,0,0,0,0,13423
"89","FJ842859.1","183",5,12,0,13399,0,0,0,0,13416
"90","FJ842859.1","184",15,0,13378,3,0,0,2,0,13396
"91","FJ842859.1","185",8,4,13354,2,0,0,0,0,13368
"92","FJ842859.1","186",0,12,3,13336,0,0,0,0,13351
"93","FJ842859.1","187",10,0,13308,9,0,0,0,0,13327
"94","FJ842859.1","188",13302,0,40,4,0,0,0,0,13346
"95","FJ842859.1","189",8,17,0,13333,0,0,3,0,13358
"96","FJ842859.1","190",3,17,1,13333,0,0,0,0,13354
"97","FJ842859.1","191",13331,0,15,5,0,0,1,0,13351
"98","FJ842859.1","192",0,33,1,13283,0,0,0,0,13317
"99","FJ842859.1","193",1,19,1,13292,0,0,0,0,13313
"100","FJ842859.1","194",2,13297,2,7,0,0,0,0,13308
"101","FJ842859.1","195",13266,4,40,4,0,0,0,0,13314
"102","FJ842859.1","196",9,2,13291,5,0,0,0,0,13307
"103","FJ842859.1","197",13273,1,26,13,0,0,2,0,13313
"104","FJ842859.1","198",13278,1,30,3,0,0,0,0,13312
"105","FJ842859.1","199",6,14,2,13233,0,0,0,0,13255
"106","FJ842859.1","200",6,22,1,13167,0,0,0,0,13196
"107","FJ842859.1","201",9,0,13133,10,0,0,0,0,13152
"108","FJ842859.1","202",8,3,13171,3,0,0,0,0,13185
"109","FJ842859.1","203",0,13156,0,11,0,0,0,0,13167
"110","FJ842859.1","204",4,13105,0,22,0,0,0,0,13131
"111","FJ842859.1","205",11,13051,1,8,0,0,0,0,13071
"112","FJ842859.1","206",4,16,4,12969,0,0,0,0,12993
"113","FJ842859.1","207",3,18,0,12973,0,0,2,0,12994
"114","FJ842859.1","208",13059,1,30,2,0,0,0,0,13092
"115","FJ842859.1","209",13059,0,28,7,0,0,0,0,13094
"116","FJ842859.1","210",2,34,0,13059,0,0,0,0,13095
"117","FJ842859.1","211",7,0,13077,2,0,0,0,0,13086
"118","FJ842859.1","212",3,23,0,12990,0,0,1,0,13016
"119","FJ842859.1","213",0,22,3,12947,0,0,0,0,12972
"120","FJ842859.1","214",12960,0,13,2,0,0,0,0,12975
"121","FJ842859.1","215",0,12955,1,12,0,0,0,0,12968
"122","FJ842859.1","216",12902,16,33,11,0,0,1,0,12962
"123","FJ842859.1","217",20,0,12922,5,0,0,1,0,12947
"124","FJ842859.1","218",12902,0,30,9,0,0,1,0,12941
"125","FJ842859.1","219",12881,4,38,5,0,0,0,0,12928
"126","FJ842859.1","220",12869,2,35,7,0,0,0,0,12913
"127","FJ842859.1","221",2,0,12888,3,0,0,0,0,12893
"128","FJ842859.1","222",7,12852,1,8,0,0,9,0,12868
"129","FJ842859.1","223",0,32,5,12678,0,0,0,0,12715
"130","FJ842859.1","224",4,18,0,12650,0,0,0,0,12672
"131","FJ842859.1","225",7,28,1,12634,0,0,0,0,12670
"132","FJ842859.1","226",18,1,12626,7,0,0,0,0,12652
"133","FJ842859.1","227",12612,2,31,3,0,0,0,0,12648
"134","FJ842859.1","228",4,22,0,12556,0,0,0,0,12582
"135","FJ842859.1","229",15,0,12547,1,0,0,0,0,12563
"136","FJ842859.1","230",1,12548,0,8,0,0,2,0,12557
"137","FJ842859.1","231",4,17,2,12350,0,0,0,0,12373
"138","FJ842859.1","232",3,19,2,12315,0,0,0,0,12339
"139","FJ842859.1","233",4,1,12324,6,0,0,0,0,12335
"140","FJ842859.1","234",8,0,12312,1,0,0,0,0,12321
"141","FJ842859.1","235",3,1,12281,1,0,0,4,0,12286
"142","FJ842859.1","236",12261,0,33,2,0,0,0,0,12296
"143","FJ842859.1","237",23,0,12239,3,0,0,0,0,12265
"144","FJ842859.1","238",12263,2,27,8,0,0,0,0,12300
"145","FJ842859.1","239",12273,2,32,4,0,0,0,0,12311
"146","FJ842859.1","240",3,22,1,12289,0,0,0,0,12315
"147","FJ842859.1","241",12295,2,18,3,0,0,0,0,12318
"148","FJ842859.1","242",0,12304,4,7,0,0,0,0,12315
"149","FJ842859.1","243",12275,5,24,6,0,0,0,0,12310
"150","FJ842859.1","244",13,2,12263,2,0,0,0,0,12280
"151","FJ842859.1","245",4,17,2,12257,0,0,0,0,12280
"152","FJ842859.1","246",2,12257,0,9,0,0,1,0,12268
"153","FJ842859.1","247",12213,4,30,2,0,0,1,0,12249
"154","FJ842859.1","248",3,12226,0,8,0,0,0,0,12237
"155","FJ842859.1","249",12192,0,24,5,0,0,0,0,12221
"156","FJ842859.1","250",4,3,12145,7,0,0,0,0,12159
"157","FJ842859.1","251",12129,2,17,2,0,0,0,0,12150
"158","FJ842859.1","252",12108,0,26,0,0,0,0,0,12134
"159","FJ842859.1","253",1,12102,1,12,0,0,0,0,12116
"160","FJ842859.1","254",12068,0,29,10,0,0,0,0,12107
"161","FJ842859.1","255",1,0,12067,5,0,0,1,0,12073
"162","FJ842859.1","256",6,2,12028,2,0,0,0,0,12038
"163","FJ842859.1","257",0,12009,0,13,0,0,3,0,12022
"164","FJ842859.1","258",11981,3,19,2,0,0,2,0,12005
"165","FJ842859.1","259",11961,1,27,1,0,0,0,0,11990
"166","FJ842859.1","260",7,4,9,11931,0,0,0,0,11951
"167","FJ842859.1","261",11916,0,5,5,0,0,0,0,11926
"168","FJ842859.1","262",3,0,11886,2,0,0,0,0,11891
"169","FJ842859.1","263",11841,2,26,3,0,0,0,0,11872
"170","FJ842859.1","264",7,2,11827,4,0,0,1,0,11840
"171","FJ842859.1","265",3,1,11809,2,0,0,0,0,11815
"172","FJ842859.1","266",11731,2,30,8,0,0,0,0,11771
"173","FJ842859.1","267",1,29,3,11633,0,0,0,0,11666
"174","FJ842859.1","268",9,0,11640,2,0,0,0,0,11651
"175","FJ842859.1","269",0,12,0,11602,0,0,0,0,11614
"176","FJ842859.1","270",11581,3,16,3,0,0,0,0,11603
"177","FJ842859.1","271",5,16,1,11569,0,0,0,0,11591
"178","FJ842859.1","272",22,3,11540,3,0,0,0,0,11568
"179","FJ842859.1","273",4,2,11456,8,0,0,0,0,11470
"180","FJ842859.1","274",5,11413,1,5,0,0,0,0,11424
"181","FJ842859.1","275",11384,0,24,7,0,0,0,0,11415
"182","FJ842859.1","276",11345,0,36,0,0,0,4,0,11381
"183","FJ842859.1","277",2,11370,1,12,0,0,0,0,11385
"184","FJ842859.1","278",5,24,0,11356,0,0,0,0,11385
"185","FJ842859.1","279",0,11382,0,2,0,0,1,0,11384
"186","FJ842859.1","280",3,32,0,11328,0,0,1,0,11363
"187","FJ842859.1","281",0,20,0,11339,0,0,1,0,11359
"188","FJ842859.1","282",3,16,1,11326,0,0,0,0,11346
"189","FJ842859.1","283",7,0,11275,1,0,0,2,0,11283
"190","FJ842859.1","284",11229,0,20,3,0,0,2,0,11252
"191","FJ842859.1","285",46,1,11134,1,0,0,0,0,11182
"192","FJ842859.1","286",11115,4,39,4,0,0,0,0,11162
"193","FJ842859.1","287",0,11137,0,10,0,0,0,0,11147
"194","FJ842859.1","288",5,11110,1,8,0,0,0,0,11124
"195","FJ842859.1","289",18,27,4,10957,0,0,0,0,11006
"196","FJ842859.1","290",1,10958,0,27,0,0,0,0,10986
"197","FJ842859.1","291",10946,5,18,4,0,0,0,0,10973
"198","FJ842859.1","292",10911,1,23,3,0,0,0,0,10938
"199","FJ842859.1","293",0,7,0,10896,0,0,0,0,10903
"200","FJ842859.1","294",10862,1,11,2,0,0,5,0,10876
"201","FJ842859.1","295",10826,2,29,3,0,0,0,0,10860
"202","FJ842859.1","296",10815,0,19,7,0,0,0,0,10841
"203","FJ842859.1","297",9,0,10654,2,0,0,0,0,10665
"204","FJ842859.1","298",0,10619,3,3,0,0,0,0,10625
"205","FJ842859.1","299",0,10584,2,7,0,0,0,0,10593
"206","FJ842859.1","300",0,14,1,10550,0,0,0,0,10565
"207","FJ842859.1","301",3,24,2,10536,0,0,0,0,10565
"208","FJ842859.1","302",3,0,10560,2,0,0,0,0,10565
"209","FJ842859.1","303",3,33,4,10482,0,0,0,0,10522
"210","FJ842859.1","304",8,0,10491,1,0,0,0,0,10500
"211","FJ842859.1","305",0,13,1,10437,0,0,0,0,10451
"212","FJ842859.1","306",10375,1,37,4,0,0,5,0,10417
"213","FJ842859.1","307",10384,1,13,8,0,0,0,0,10406
"214","FJ842859.1","308",10372,1,17,0,0,0,0,0,10390
"215","FJ842859.1","309",10334,2,20,7,0,0,0,0,10363
"216","FJ842859.1","310",0,17,0,10325,0,0,0,0,10342
"217","FJ842859.1","311",2,19,0,10310,0,0,0,0,10331
"218","FJ842859.1","312",10056,1,11,3,0,0,7,0,10071
"219","FJ842859.1","313",6,15,1,10014,0,0,2,0,10036
"220","FJ842859.1","314",1,10026,0,11,0,0,0,0,10038
"221","FJ842859.1","315",7,10022,2,7,0,0,0,0,10038
"222","FJ842859.1","316",1,10031,2,4,0,0,0,0,10038
"223","FJ842859.1","317",4,10023,0,11,0,0,0,0,10038
"224","FJ842859.1","318",9971,1,17,1,0,0,0,0,9990
"225","FJ842859.1","319",3,10,2,9975,0,0,0,0,9990
"226","FJ842859.1","320",0,9,1,9980,0,0,0,0,9990
"227","FJ842859.1","321",9982,1,7,0,0,0,0,0,9990
"228","FJ842859.1","322",2,17,1,9970,0,0,0,0,9990
"229","FJ842859.1","323",13,2,9889,3,0,0,0,0,9907
"230","FJ842859.1","324",1,9866,0,5,0,0,0,0,9872
"231","FJ842859.1","325",9815,2,25,4,0,0,0,0,9846
"232","FJ842859.1","326",1,13,0,9801,0,0,2,0,9815
"233","FJ842859.1","327",1,10,0,9780,0,0,0,0,9791
"234","FJ842859.1","328",9731,0,14,1,0,0,0,0,9746
"235","FJ842859.1","329",1,9703,0,10,0,0,0,0,9714
"236","FJ842859.1","330",6,10,0,9649,0,0,0,0,9665
"237","FJ842859.1","331",9584,0,22,2,0,0,0,0,9608
"238","FJ842859.1","332",5,21,2,9508,0,0,0,0,9536
"239","FJ842859.1","333",6,1,9336,1,0,0,0,0,9344
"240","FJ842859.1","334",9244,1,13,3,0,0,0,0,9261
"241","FJ842859.1","335",5,0,9047,2,0,0,0,0,9054
"242","FJ842859.1","336",8943,0,15,4,0,0,0,0,8962
"243","FJ842859.1","337",1,18,2,8853,0,0,0,0,8874
"244","FJ842859.1","338",3,1,8754,3,0,0,0,0,8761
"245","FJ842859.1","339",0,8687,2,22,0,0,0,0,8711
"246","FJ842859.1","340",8682,0,0,0,0,0,0,0,8682
"247","FJ842859.1","341",8642,0,0,1,0,0,0,0,8643
"248","FJ842859.1","342",0,1,0,8568,0,0,0,0,8569
"249","FJ842859.1","343",8541,0,0,0,0,0,0,0,8541
"250","FJ842859.1","344",8491,0,0,0,0,0,0,0,8491
"251","FJ842859.1","345",395,0,62,0,0,0,0,0,457
"252","FJ842859.1","346",379,0,0,0,0,0,0,0,379
"253","FJ842859.1","347",0,46,129,0,0,0,0,0,175
"254","FJ842859.1","348",47,0,0,127,0,0,0,0,174
"255","FJ842859.1","349",0,0,174,0,0,0,0,0,174
"256","FJ842859.1","350",174,0,0,0,0,0,0,0,174
"257","FJ842859.1","351",0,0,125,49,0,0,0,0,174
"258","FJ842859.1","352",174,0,0,0,0,0,0,0,174
"259","FJ842859.1","353",0,128,0,0,0,0,0,0,128
"260","FJ842859.1","354",128,0,0,0,0,0,0,0,128
"261","FJ842859.1","355",0,0,128,0,0,0,0,0,128
"262","FJ842859.1","356",128,0,0,0,0,0,0,0,128
"263","FJ842859.1","357",0,0,0,128,0,0,0,0,128
"264","FJ842859.1","358",128,0,0,0,0,0,0,0,128
"265","FJ842859.1","359",106,0,22,0,0,0,0,0,128
"266","FJ842859.1","360",128,0,0,0,0,0,0,0,128
"267","FJ842859.1","361",0,0,0,126,0,0,0,0,126
"268","FJ842859.1","362",0,0,126,0,0,0,0,0,126
"269","FJ842859.1","363",0,0,123,0,0,0,0,0,123
"270","FJ842859.1","364",0,0,123,0,0,0,0,0,123
"271","FJ842859.1","365",0,0,123,0,0,0,0,0,123
"272","FJ842859.1","366",1,0,0,0,0,0,0,0,1
"273","FJ842859.1","597",0,0,0,3,0,0,0,0,3
"274","FJ842859.1","598",0,0,3,0,0,0,0,0,3
"275","FJ842859.1","599",1,0,2,0,0,0,0,0,3
"276","FJ842859.1","600",1,0,0,2,0,0,0,0,3
"277","FJ842859.1","601",180,0,0,0,0,0,0,0,180
"278","FJ842859.1","602",252,1,10,0,0,0,0,0,263
"279","FJ842859.1","603",0,0,0,6668,0,0,0,0,6668
"280","FJ842859.1","604",0,0,6735,0,0,0,0,0,6735
"281","FJ842859.1","605",6781,0,0,0,0,0,0,0,6781
"282","FJ842859.1","606",6856,0,6,0,0,0,0,0,6862
"283","FJ842859.1","607",6914,0,1,0,0,0,0,0,6915
"284","FJ842859.1","608",0,0,6976,0,0,0,0,0,6976
"285","FJ842859.1","609",0,0,0,6996,0,0,0,0,6996
"286","FJ842859.1","610",7023,0,0,0,0,0,0,0,7023
"287","FJ842859.1","611",8,1,7086,1,0,0,0,0,7096
"288","FJ842859.1","612",7248,0,4,0,0,0,0,0,7252
"289","FJ842859.1","613",2,8,2,7349,0,0,0,0,7361
"290","FJ842859.1","614",5,0,7403,0,0,0,0,0,7408
"291","FJ842859.1","615",5,20,4,7391,0,0,0,0,7420
"292","FJ842859.1","616",0,6,2,7479,0,0,0,0,7487
"293","FJ842859.1","617",7523,0,8,2,0,0,0,0,7533
"294","FJ842859.1","618",1,7534,0,11,0,0,0,0,7546
"295","FJ842859.1","619",7608,3,10,2,0,0,1,0,7623
"296","FJ842859.1","620",3,20,1,7623,0,0,1,0,7647
"297","FJ842859.1","621",8,1,7673,2,0,0,0,0,7684
"298","FJ842859.1","622",7671,4,15,8,0,0,0,0,7698
"299","FJ842859.1","623",7751,0,18,2,0,0,0,0,7771
"300","FJ842859.1","624",2,8,3,7789,0,0,0,0,7802
"301","FJ842859.1","625",4,7876,0,10,0,0,0,0,7890
"302","FJ842859.1","626",8053,4,16,0,0,0,0,0,8073
"303","FJ842859.1","627",0,8122,0,10,0,0,0,0,8132
"304","FJ842859.1","628",1,12,1,8223,0,0,0,0,8237
"305","FJ842859.1","629",7,0,8230,0,0,0,0,0,8237
"306","FJ842859.1","630",2,8,2,8225,0,0,0,0,8237
"307","FJ842859.1","631",8225,2,7,2,0,0,1,0,8236
"308","FJ842859.1","632",8223,1,8,5,0,0,0,0,8237
"309","FJ842859.1","633",2,8235,0,0,0,0,0,0,8237
"310","FJ842859.1","634",8218,0,19,0,0,0,0,0,8237
"311","FJ842859.1","635",0,8224,1,12,0,0,0,0,8237
"312","FJ842859.1","636",3,15,1,8218,0,0,0,0,8237
"313","FJ842859.1","637",2,7,2,8226,0,0,0,0,8237
"314","FJ842859.1","638",4,8342,1,4,0,0,2,0,8351
"315","FJ842859.1","639",0,11,1,8784,0,0,2,0,8796
"316","FJ842859.1","640",8895,0,13,4,0,0,0,0,8912
"317","FJ842859.1","641",3,9,1,8934,0,0,0,0,8947
"318","FJ842859.1","642",0,17,1,8974,0,0,0,0,8992
"319","FJ842859.1","643",9051,2,13,2,0,0,0,0,9068
"320","FJ842859.1","644",2,19,2,9075,0,0,0,0,9098
"321","FJ842859.1","645",30,9062,1,6,0,0,0,0,9099
"322","FJ842859.1","646",1,9372,2,6,0,0,0,0,9381
"323","FJ842859.1","647",9618,0,14,2,0,0,0,0,9634
"324","FJ842859.1","648",9628,3,23,1,0,0,0,0,9655
"325","FJ842859.1","649",4,0,9715,0,0,0,0,0,9719
"326","FJ842859.1","650",9691,1,22,5,0,0,0,0,9719
"327","FJ842859.1","651",4,0,9717,0,0,0,0,0,9721
"328","FJ842859.1","652",1,13,0,9741,0,0,0,0,9755
"329","FJ842859.1","653",2,9860,0,2,0,0,0,0,9864
"330","FJ842859.1","654",8,101,0,9957,0,0,1,0,10066
"331","FJ842859.1","655",1,17,2,10493,0,0,1,0,10513
"332","FJ842859.1","656",30,0,10545,2,0,0,0,0,10577
"333","FJ842859.1","657",5,32,0,10562,0,0,0,0,10599
"334","FJ842859.1","658",11,0,10620,1,0,0,0,0,10632
"335","FJ842859.1","659",10632,0,11,11,0,0,0,0,10654
"336","FJ842859.1","660",0,10669,0,11,0,0,1,0,10680
"337","FJ842859.1","661",10641,3,38,14,0,0,1,0,10696
"338","FJ842859.1","662",10707,4,22,5,0,0,0,0,10738
"339","FJ842859.1","663",9,0,10782,0,0,0,1,0,10791
"340","FJ842859.1","664",2,10780,0,15,0,0,0,0,10797
"341","FJ842859.1","665",10816,1,20,2,0,0,0,0,10839
"342","FJ842859.1","666",3,13,4,10856,0,0,5,0,10876
"343","FJ842859.1","667",2,9,1,11016,0,0,0,0,11028
"344","FJ842859.1","668",11071,0,15,0,0,0,0,0,11086
"345","FJ842859.1","669",0,12,1,11118,0,0,0,0,11131
"346","FJ842859.1","670",0,24,2,11148,0,0,0,0,11174
"347","FJ842859.1","671",37,0,11142,7,0,0,7,0,11186
"348","FJ842859.1","672",19,4,11177,7,0,0,0,0,11207
"349","FJ842859.1","673",6,1,11240,3,0,0,0,0,11250
"350","FJ842859.1","674",11234,1,24,4,0,0,0,0,11263
"351","FJ842859.1","675",5,21,0,11329,0,0,0,0,11355
"352","FJ842859.1","676",11372,0,17,3,0,0,0,0,11392
"353","FJ842859.1","677",2,11410,1,2,0,0,0,0,11415
"354","FJ842859.1","678",3,15,0,11413,0,0,0,0,11431
"355","FJ842859.1","679",11443,0,12,0,0,0,0,0,11455
"356","FJ842859.1","680",5,20,4,11429,0,0,1,0,11458
"357","FJ842859.1","681",1,11,2,11491,0,0,0,0,11505
"358","FJ842859.1","682",11498,1,15,9,0,0,2,0,11523
"359","FJ842859.1","683",8,1,11567,4,0,0,0,0,11580
"360","FJ842859.1","684",11564,0,15,4,0,0,0,0,11583
"361","FJ842859.1","685",2,17,4,11616,0,0,20,0,11639
"362","FJ842859.1","686",0,23,2,11697,0,0,1,0,11722
"363","FJ842859.1","687",0,16,0,11768,0,0,0,0,11784
"364","FJ842859.1","688",11791,0,23,0,0,0,0,0,11814
"365","FJ842859.1","689",8,0,11877,0,0,0,0,0,11885
"366","FJ842859.1","690",5,0,11908,4,0,0,0,0,11917
"367","FJ842859.1","691",1,13,1,11904,0,0,0,0,11919
"368","FJ842859.1","692",11913,0,15,0,0,0,0,0,11928
"369","FJ842859.1","693",0,23,0,11941,0,0,1,0,11964
"370","FJ842859.1","694",4,26,0,11953,0,0,1,0,11983
"371","FJ842859.1","695",13,0,11970,0,0,0,4,0,11983
"372","FJ842859.1","696",7,38,0,11942,0,0,0,0,11987
"373","FJ842859.1","697",11,0,11990,0,0,0,0,0,12001
"374","FJ842859.1","698",1,11981,0,7,0,0,0,0,11989
"375","FJ842859.1","699",11990,4,24,11,0,0,0,0,12029
"376","FJ842859.1","700",3,12021,2,26,0,0,0,0,12052
"377","FJ842859.1","701",1,12059,0,24,0,0,0,0,12084
"378","FJ842859.1","702",7,40,0,12067,0,0,4,0,12114
"379","FJ842859.1","703",13,12107,0,14,0,0,0,0,12134
"380","FJ842859.1","704",2,12225,2,8,0,0,0,0,12237
"381","FJ842859.1","705",12252,0,25,3,0,0,0,0,12280
"382","FJ842859.1","706",15,1,12281,6,0,0,0,0,12303
"383","FJ842859.1","707",2,1,12318,4,0,0,0,0,12325
"384","FJ842859.1","708",4,26,3,12318,0,0,2,0,12351
"385","FJ842859.1","709",3,16,0,12356,0,0,0,0,12375
"386","FJ842859.1","710",12367,0,11,3,0,0,3,0,12381
"387","FJ842859.1","711",8,33,1,12351,0,0,0,0,12393
"388","FJ842859.1","712",0,1,12386,0,0,0,0,0,12387
"389","FJ842859.1","713",0,12362,0,5,0,0,0,0,12367
"390","FJ842859.1","714",5,23,2,12277,0,0,3,0,12307
"391","FJ842859.1","715",3,27,3,12354,0,0,0,0,12387
"392","FJ842859.1","716",4,16,0,12380,0,0,0,0,12400
"393","FJ842859.1","717",4,3,12404,2,0,0,1,0,12413
"394","FJ842859.1","718",1,12397,2,13,0,0,0,0,12413
"395","FJ842859.1","719",1,19,4,12388,0,0,2,0,12412
"396","FJ842859.1","720",1,18,4,12441,0,0,0,0,12464
"397","FJ842859.1","721",12448,3,16,6,0,0,0,0,12473
"398","FJ842859.1","722",17,0,12460,5,0,0,0,0,12482
"399","FJ842859.1","723",12448,2,31,2,0,0,0,0,12483
"400","FJ842859.1","724",1,16,0,12477,0,0,0,0,12494
"401","FJ842859.1","725",7,4,12488,0,0,0,0,0,12499
"402","FJ842859.1","726",1,32,3,12454,0,0,1,0,12490
"403","FJ842859.1","727",12469,0,23,0,0,0,1,0,12492
"404","FJ842859.1","728",12467,2,27,2,0,0,0,0,12498
"405","FJ842859.1","729",10,25,3,12466,0,0,0,0,12504
"406","FJ842859.1","730",11,2,12506,2,0,0,0,0,12521
"407","FJ842859.1","731",12489,3,25,3,0,0,0,0,12520
"408","FJ842859.1","732",0,12503,0,13,0,0,0,0,12516
"409","FJ842859.1","733",12484,1,22,8,0,0,0,0,12515
"410","FJ842859.1","734",2,12509,1,5,0,0,0,0,12517
"411","FJ842859.1","735",12482,2,17,0,0,0,1,0,12501
"412","FJ842859.1","736",12406,7,53,8,0,0,0,0,12474
"413","FJ842859.1","737",12451,1,9,3,0,0,0,0,12464
"414","FJ842859.1","738",1,14,1,12433,0,0,0,0,12449
"415","FJ842859.1","739",0,15,9,12404,0,0,0,0,12428
"416","FJ842859.1","740",12398,1,21,1,0,0,0,0,12421
"417","FJ842859.1","741",4,32,6,12366,0,0,1,0,12408
"418","FJ842859.1","742",6,19,0,12374,0,0,0,0,12399
"419","FJ842859.1","743",0,12378,0,10,0,0,0,0,12388
"420","FJ842859.1","744",12338,8,16,3,0,0,0,0,12365
"421","FJ842859.1","745",8,1,12353,0,0,0,0,0,12362
"422","FJ842859.1","746",3,2,12353,1,0,0,0,0,12359
"423","FJ842859.1","747",0,12315,0,1,0,0,0,0,12316
"424","FJ842859.1","748",6,29,0,12265,0,0,2,0,12300
"425","FJ842859.1","749",13,20,2,12256,0,0,0,0,12291
"426","FJ842859.1","750",0,0,0,12286,0,0,0,0,12286
"427","FJ842859.1","751",11766,0,88,7,0,0,0,0,11861
"428","FJ842859.1","752",1,44,0,11761,0,0,51,0,11806
"429","FJ842859.1","753",11,3,11784,7,0,0,52,0,11805
"430","FJ842859.1","754",5,11832,2,12,0,0,7,0,11851
"431","FJ842859.1","755",4,11845,2,0,0,0,7,0,11851
"432","FJ842859.1","756",3,18,0,11837,0,0,0,0,11858
"433","FJ842859.1","757",11833,0,19,6,0,0,0,0,11858
"434","FJ842859.1","758",11835,0,18,5,0,0,0,0,11858
"435","FJ842859.1","759",11821,0,20,3,0,0,14,0,11844
"436","FJ842859.1","760",3,25,2,11828,0,0,0,0,11858
"437","FJ842859.1","761",13,0,11845,0,0,0,0,0,11858
"438","FJ842859.1","762",4,31,0,11823,0,0,0,0,11858
"439","FJ842859.1","763",1,25,1,11830,0,0,1,0,11857
"440","FJ842859.1","764",1,11847,0,9,0,0,1,0,11857
"441","FJ842859.1","765",0,21,0,11836,0,0,0,0,11857
"442","FJ842859.1","766",11831,0,22,1,0,0,3,0,11854
"443","FJ842859.1","767",11813,0,24,8,0,0,0,0,11845
"444","FJ842859.1","768",7,0,11830,4,0,0,0,0,11841
"445","FJ842859.1","769",7,0,11827,1,0,0,1,0,11835
"446","FJ842859.1","770",4,9,2,11800,0,0,1,0,11815
"447","FJ842859.1","771",13,0,11787,7,0,0,2,0,11807
"448","FJ842859.1","772",4,0,11795,6,0,0,1,0,11805
"449","FJ842859.1","773",12,12,6,11758,0,0,0,0,11788
"450","FJ842859.1","774",8,2,11762,0,0,0,3,0,11772
"451","FJ842859.1","775",9,4,11749,0,0,0,0,0,11762
"452","FJ842859.1","776",8,18,1,11712,0,0,0,0,11739
"453","FJ842859.1","777",1,11629,1,5,0,0,0,0,11636
"454","FJ842859.1","778",7,19,2,11579,0,0,0,0,11607
"455","FJ842859.1","779",0,11544,2,3,0,0,0,0,11549
"456","FJ842859.1","780",12,143,2,11371,0,0,0,0,11528
"457","FJ842859.1","781",5,39,5,11410,0,0,0,0,11459
"458","FJ842859.1","782",3,11439,0,13,0,0,0,0,11455
"459","FJ842859.1","783",11418,4,27,4,0,0,0,0,11453
"460","FJ842859.1","784",0,17,10,11415,0,0,0,0,11442
"461","FJ842859.1","785",8,1,11430,0,0,0,0,0,11439
"462","FJ842859.1","786",1,11259,13,51,0,0,0,0,11324
"463","FJ842859.1","787",11262,25,27,3,0,0,0,0,11317
"464","FJ842859.1","788",1,11260,4,12,0,0,6,0,11277
"465","FJ842859.1","789",11250,2,14,4,0,0,8,0,11270
"466","FJ842859.1","790",11231,2,23,4,0,0,4,0,11260
"467","FJ842859.1","791",4,0,11238,2,0,0,2,0,11244
"468","FJ842859.1","792",13,0,11150,2,0,0,2,0,11165
"469","FJ842859.1","793",11139,1,15,1,0,0,0,0,11156
"470","FJ842859.1","794",1,8,0,11131,0,0,1,0,11140
"471","FJ842859.1","795",12,0,11114,2,0,0,0,0,11128
"472","FJ842859.1","796",11099,0,14,4,0,0,0,0,11117
"473","FJ842859.1","797",2,15,0,11089,0,0,0,0,11106
"474","FJ842859.1","798",3,2,11070,1,0,0,0,0,11076
"475","FJ842859.1","799",15,2,11018,1,0,0,0,0,11036
"476","FJ842859.1","800",10925,0,35,0,0,0,0,0,10960
"477","FJ842859.1","801",22,2,10921,3,0,0,0,0,10948
"478","FJ842859.1","802",10873,0,3,0,0,0,0,0,10876
"479","FJ842859.1","803",0,10666,0,1,0,0,0,0,10667
"480","FJ842859.1","804",10625,0,1,1,0,0,0,0,10627
"481","FJ842859.1","805",1,10457,0,0,0,0,0,0,10458
"482","FJ842859.1","806",10406,0,0,0,0,0,0,0,10406
"483","FJ842859.1","807",13,0,1589,2,0,0,0,0,1604
"484","FJ842859.1","808",1557,0,0,0,0,0,0,0,1557
"485","FJ842859.1","809",0,1367,0,0,0,0,0,0,1367
"486","FJ842859.1","810",0,0,0,1,0,0,0,0,1
"487","FJ842859.1","811",0,0,0,1,0,0,0,0,1
"488","FJ842859.1","812",0,1,0,0,0,0,0,0,1
"489","FJ842859.1","813",0,0,0,1,0,0,0,0,1
"490","FJ842859.1","814",1,0,0,0,0,0,0,0,1
"491","FJ842859.1","815",0,1,0,0,0,0,0,0,1
"492","FJ842859.1","816",0,0,0,1,0,0,0,0,1
"493","FJ842859.1","817",0,0,0,1,0,0,0,0,1
"494","FJ842859.1","818",0,0,1,0,0,0,0,0,1
"495","FJ842859.1","819",0,0,1,0,0,0,0,0,1
"496","FJ842859.1","820",0,0,0,1,0,0,0,0,1
"497","FJ842859.1","821",0,0,0,1,0,0,0,0,1
"498","FJ842859.1","822",0,0,0,1,0,0,0,0,1
"499","FJ842859.1","823",0,0,1,0,0,0,0,0,1
"500","FJ842859.1","824",0,0,1,0,0,0,0,0,1
"501","FJ842859.1","825",0,1,0,0,0,0,0,0,1
"502","FJ842859.1","826",0,0,0,1,0,0,0,0,1
"503","FJ842859.1","827",0,0,0,1,0,0,0,0,1
"504","FJ842859.1","828",0,0,0,1,0,0,0,0,1
"505","FJ842859.1","829",1,0,0,0,0,0,0,0,1
"506","FJ842859.1","830",1,0,0,0,0,0,0,0,1
"507","FJ842859.1","831",0,0,0,1,0,0,0,0,1
"508","FJ842859.1","832",0,0,1,0,0,0,0,0,1
"509","FJ842859.1","833",0,0,1,0,0,0,0,0,1
"510","FJ842859.1","834",1,0,0,0,0,0,0,0,1
"511","FJ842859.1","835",1,0,0,0,0,0,0,0,1
"512","FJ842859.1","836",0,1,0,0,0,0,0,0,1
"513","FJ842859.1","837",0,0,0,1,0,0,0,0,1
"514","FJ842859.1","838",1,0,0,0,0,0,0,0,1
"515","FJ842859.1","839",0,0,1,0,0,0,0,0,1
"516","FJ842859.1","840",1,0,0,0,0,0,0,0,1
"517","FJ842859.1","841",0,0,1,0,0,0,0,0,1
"518","FJ842859.1","842",0,1,0,0,0,0,0,0,1
"519","FJ842859.1","843",1,0,0,0,0,0,0,0,1
"520","FJ842859.1","844",0,0,1,0,0,0,0,0,1
"521","FJ842859.1","845",1,0,0,0,0,0,0,0,1
"522","FJ842859.1","846",1,0,0,0,0,0,0,0,1
"523","FJ842859.1","847",1,0,0,0,0,0,0,0,1
"524","FJ842859.1","848",1,0,0,0,0,0,0,0,1
"525","FJ842859.1","849",0,0,0,1,0,0,0,0,1
"526","FJ842859.1","850",1,0,0,0,0,0,0,0,1
"527","FJ842859.1","851",0,0,1,0,0,0,0,0,1
"528","FJ842859.1","852",1,0,0,0,0,0,0,0,1
"529","FJ842859.1","853",1,0,0,0,0,0,0,0,1
"530","FJ842859.1","854",0,1,0,0,0,0,0,0,1
"531","FJ842859.1","855",0,0,0,1,0,0,0,0,1
"532","FJ842859.1","856",0,0,0,1,0,0,0,0,1
"533","FJ842859.1","857",1,0,0,0,0,0,0,0,1
"534","FJ842859.1","858",0,0,1,0,0,0,0,0,1
"535","FJ842859.1","859",1,0,0,0,0,0,0,0,1
"536","FJ842859.1","860",0,0,0,1,0,0,0,0,1
"537","FJ842859.1","861",0,0,0,1,0,0,0,0,1
"538","FJ842859.1","862",0,0,0,1,0,0,0,0,1
"539","FJ842859.1","863",1,0,0,0,0,0,0,0,1
"540","FJ842859.1","864",0,1,0,0,0,0,0,0,1
"541","FJ842859.1","865",0,0,0,1,0,0,0,0,1
"542","FJ842859.1","866",0,0,1,0,0,0,0,0,1
"543","FJ842859.1","867",0,0,1,0,0,0,0,0,1
"544","FJ842859.1","868",0,1,0,0,0,0,0,0,1
"545","FJ842859.1","869",1,0,0,0,0,0,0,0,1
"546","FJ842859.1","870",0,0,0,1,0,0,0,0,1
"547","FJ842859.1","871",0,0,1,0,0,0,0,0,1
"548","FJ842859.1","872",0,0,1,0,0,0,0,0,1
"549","FJ842859.1","873",0,0,0,1,0,0,0,0,1
"550","FJ842859.1","874",1,0,0,0,0,0,0,0,1
"551","FJ842859.1","875",0,0,1,0,0,0,0,0,1
