"","a","c","g","t","deletion","insertion","N","pos","TotalReads","MajNt","ref","transition.maj","transition.ref"
"1",9,29,114,61418,0,0,0,95,61570,"t","t","c","c"
"2",61929,3,16,63,0,0,0,96,62011,"a","a","g","g"
"3",9,62153,8,46,0,0,0,97,62216,"c","c","t","t"
"4",20,62152,15,55,0,0,0,98,62242,"c","c","t","t"
"5",62244,3,14,13,0,0,0,99,62274,"a","a","g","g"
"6",40,1,62349,20,0,0,0,100,62410,"g","g","a","a"
"7",4,62406,3,30,2,0,0,101,62443,"c","c","t","t"
"8",5,21,3,62378,59,0,0,102,62407,"t","a","c","g"
"9",5,19,0,62512,2,0,0,103,62536,"t","t","c","c"
"10",54,9,62482,14,0,0,0,104,62559,"g","g","a","a"
"11",28,3,62542,15,1,0,0,105,62588,"g","g","a","a"
"12",62527,2,18,11,81,0,0,106,62558,"a","a","g","g"
"13",120,1,62558,16,2,0,0,107,62695,"g","a","a","g"
"14",33,4,63009,13,0,0,0,108,63059,"g","g","a","a"
"15",63065,2,59,10,2,0,0,109,63136,"a","a","g","g"
"16",63186,12,11,10,3,0,0,110,63219,"a","a","g","g"
"17",4,26,6,63265,20,0,0,111,63301,"t","t","c","c"
"18",43,6,63292,14,20,0,0,112,63355,"g","g","a","a"
"19",6,63435,6,34,24,0,0,113,63481,"c","c","t","t"
"20",61,8,63430,11,29,0,0,114,63510,"g","g","a","a"
"21",63503,58,11,28,2,0,0,115,63600,"a","a","g","g"
"22",1,63630,7,45,0,0,0,116,63683,"c","c","t","t"
"23",63552,4,123,23,0,0,0,117,63702,"a","a","g","g"
"24",63643,6,73,11,0,0,0,118,63733,"a","a","g","g"
"25",13,97,2,63639,1,0,0,119,63751,"t","t","c","c"
"26",17,127,4,63628,0,0,0,120,63776,"t","t","c","c"
"27",11,63696,7,67,10,0,0,121,63781,"c","c","t","t"
"28",13,63782,5,33,4,0,0,122,63833,"c","c","t","t"
"29",8,63830,1,60,0,0,0,123,63899,"c","c","t","t"
"30",12,63860,1,40,0,0,0,124,63913,"c","c","t","t"
"31",15,114,3,63810,3,0,0,125,63942,"t","t","c","c"
"32",13,63912,1,32,1,0,0,126,63958,"c","c","t","t"
"33",11,126,6,63837,3,0,0,127,63980,"t","t","c","c"
"34",16,92,0,63877,2,0,0,128,63985,"t","t","c","c"
"35",6,63937,4,44,3,0,0,129,63991,"c","c","t","t"
"36",16,112,11,63865,2,0,0,130,64004,"t","t","c","c"
"37",33,3,63984,3,2,0,0,131,64023,"g","g","a","a"
"38",12,168,8,63853,0,0,0,132,64041,"t","t","c","c"
"39",34,6,64011,16,0,0,0,133,64067,"g","g","a","a"
"40",7,64013,6,56,6,0,0,134,64082,"c","c","t","t"
"41",63844,4,254,23,5,0,0,135,64125,"a","a","g","g"
"42",63948,9,141,32,2,0,0,136,64130,"a","a","g","g"
"43",3,64050,4,101,2,0,0,137,64158,"c","c","t","t"
"44",3,64114,2,61,0,0,0,138,64180,"c","c","t","t"
"45",64072,2,89,13,4,0,0,139,64176,"a","a","g","g"
"46",64058,0,112,19,2,0,0,140,64189,"a","a","g","g"
"47",27,0,64155,12,0,0,0,141,64194,"g","g","a","a"
"48",63980,9,146,52,0,0,0,142,64187,"a","a","g","g"
"49",64149,2,133,10,3,0,0,143,64294,"a","a","g","g"
"50",6,57,0,64234,3,0,0,144,64297,"t","t","c","c"
"51",64203,4,90,18,2,0,0,145,64315,"a","a","g","g"
"52",29,6,64262,32,10,0,0,146,64329,"g","g","a","a"
"53",32,4,64316,17,1,0,0,147,64369,"g","g","a","a"
"54",32,6,64364,9,0,0,0,148,64411,"g","g","a","a"
"55",64225,7,184,22,1,0,0,149,64438,"a","a","g","g"
"56",7,57,3,64376,0,0,0,150,64443,"t","t","c","c"
"57",64341,3,105,18,0,0,0,151,64467,"a","a","g","g"
"58",6,64423,10,40,1,0,0,152,64479,"c","c","t","t"
"59",32,137,10,64292,1,0,0,153,64471,"t","t","c","c"
"60",15,88,148,64246,0,0,0,154,64497,"t","t","c","c"
"61",37,11,64431,21,46,0,0,155,64500,"g","g","a","a"
"62",92,8,64444,20,9,0,0,156,64564,"g","g","a","a"
"63",37,11,64516,21,0,0,0,157,64585,"g","g","a","a"
"64",53,6,64524,15,0,0,0,158,64598,"g","g","a","a"
"65",64555,6,122,21,5,0,0,159,64704,"a","a","g","g"
"66",64411,3,314,26,0,0,0,160,64754,"a","a","g","g"
"67",3,64729,3,60,2,0,0,161,64795,"c","c","t","t"
"68",64680,4,118,19,0,0,0,162,64821,"a","a","g","g"
"69",64688,4,147,24,0,0,0,163,64863,"a","a","g","g"
"70",6,64814,4,54,1,0,0,164,64878,"c","c","t","t"
"71",39,152,5,64697,1,0,0,165,64893,"t","t","c","c"
"72",6,64810,4,100,1,0,0,166,64920,"c","c","t","t"
"73",64801,4,100,27,0,0,0,167,64932,"a","a","g","g"
"74",70,5,64833,7,0,0,0,168,64915,"g","g","a","a"
"75",21,80,2,64893,1,0,0,169,64996,"t","t","c","c"
"76",19,1,64911,25,0,0,0,170,64956,"g","g","a","a"
"77",8,64896,7,36,0,0,0,171,64947,"c","c","t","t"
"78",29,64614,4,63,6,0,0,172,64710,"c","t","t","c"
"79",40,79,3,64609,3,0,0,173,64731,"t","t","c","c"
"80",64624,7,73,13,15,0,0,174,64717,"a","g","g","a"
"81",20,65059,4,54,1,0,0,175,65137,"c","c","t","t"
"82",13,65064,6,84,1,0,0,176,65167,"c","c","t","t"
"83",65002,7,140,38,7,0,0,177,65187,"a","a","g","g"
"84",30,0,65163,12,3,0,0,178,65205,"g","g","a","a"
"85",65010,4,186,25,0,0,0,179,65225,"a","a","g","g"
"86",5,60,10,65185,2,0,0,180,65260,"t","t","c","c"
"87",65049,6,193,17,11,0,0,181,65265,"a","a","g","g"
"88",65127,2,145,34,0,0,0,182,65308,"a","a","g","g"
"89",16,52,5,65253,0,0,0,183,65326,"t","t","c","c"
"90",19,135,0,65316,1,0,0,186,65470,"t","t","c","c"
"91",74,5,65389,24,5,0,0,187,65492,"g","g","a","a"
"92",65364,3,120,34,1,0,0,188,65521,"a","a","g","g"
"93",7,84,2,65509,5,0,0,189,65602,"t","t","c","c"
"94",7,73,3,65620,0,0,0,190,65703,"t","t","c","c"
"95",65616,1,82,19,5,0,0,191,65718,"a","a","g","g"
"96",14,158,6,65610,0,0,0,192,65788,"t","t","c","c"
"97",14,138,6,65628,0,0,0,193,65786,"t","t","c","c"
"98",11,65714,4,52,4,0,0,194,65781,"c","c","t","t"
"99",65543,12,299,19,3,0,0,195,65873,"a","a","g","g"
"100",29,1,65816,23,4,0,0,196,65869,"g","g","a","a"
"101",65809,7,93,28,1,0,0,197,65937,"a","a","g","g"
"102",65770,10,156,17,0,0,0,198,65953,"a","a","g","g"
"103",10,72,3,65803,6,0,0,199,65888,"t","t","c","c"
"104",32,84,2,65744,1,0,0,200,65862,"t","t","c","c"
"105",54,6,65773,9,18,0,0,201,65842,"g","g","a","a"
"106",40,9,65822,17,1,0,0,202,65888,"g","g","a","a"
"107",9,65777,1,39,1,0,0,203,65826,"c","c","t","t"
"108",21,65652,8,51,1,0,0,204,65732,"c","c","t","t"
"109",14,104,16,65582,1,0,0,206,65716,"t","t","c","c"
"110",11,84,2,65661,36,0,0,207,65758,"t","a","c","g"
"111",66380,5,73,19,1,0,0,208,66477,"a","a","g","g"
"112",66297,93,116,8,1,0,0,209,66514,"a","a","g","g"
"113",6,101,1,66416,1,0,0,210,66524,"t","t","c","c"
"114",33,2,66490,10,1,0,0,211,66535,"g","g","a","a"
"115",18,113,5,66373,5,0,0,212,66509,"t","t","c","c"
"116",8,106,0,66400,1,0,0,213,66514,"t","t","c","c"
"117",66377,3,98,18,9,0,0,214,66496,"a","a","g","g"
"118",6,66454,8,48,5,0,0,215,66516,"c","c","t","t"
"119",66080,8,370,43,9,0,0,216,66501,"a","a","g","g"
"120",30,8,66412,55,6,0,0,217,66505,"g","g","a","a"
"121",66349,2,138,37,5,0,0,218,66526,"a","a","g","g"
"122",66307,4,206,12,1,0,0,219,66529,"a","a","g","g"
"123",66385,5,122,9,1,0,0,220,66521,"a","a","g","g"
"124",33,1,66488,10,1,0,0,221,66532,"g","g","a","a"
"125",5,66456,2,22,14,0,0,222,66485,"c","a","t","g"
"126",11,152,8,66182,4,0,0,223,66353,"t","t","c","c"
"127",10,109,2,66215,1,0,0,224,66336,"t","t","c","c"
"128",26,97,3,66212,1,0,0,225,66338,"t","t","c","c"
"129",40,1,66233,25,5,0,0,226,66299,"g","g","a","a"
"130",66176,1,130,15,1,0,0,227,66322,"a","a","g","g"
"131",9,112,1,66146,1,0,0,228,66268,"t","t","c","c"
"132",49,5,66185,8,0,0,0,229,66247,"g","g","a","a"
"133",4,66180,3,37,4,0,0,230,66224,"c","c","t","t"
"134",15,133,7,65783,0,0,0,231,65938,"t","c","c","t"
"135",55,161,8,65721,0,0,0,232,65945,"t","t","c","c"
"136",47,13,65855,12,0,0,0,233,65927,"g","g","a","a"
"137",67,6,65792,25,5,0,0,234,65890,"g","g","a","a"
"138",48,1,65759,19,32,0,0,235,65827,"g","a","a","g"
"139",65707,4,146,25,0,0,0,236,65882,"a","a","g","g"
"140",30,7,65812,14,3,0,0,237,65863,"g","c","a","t"
"141",65867,5,125,12,0,0,0,238,66009,"a","a","g","g"
"142",65836,4,177,24,0,0,0,239,66041,"a","a","g","g"
"143",13,88,6,65943,0,0,0,240,66050,"t","t","c","c"
"144",65970,5,88,13,1,0,0,241,66076,"a","a","g","g"
"145",5,65989,18,57,1,0,0,242,66069,"c","c","t","t"
"146",65881,6,159,31,0,0,0,243,66077,"a","a","g","g"
"147",39,2,66001,3,0,0,0,244,66045,"g","g","a","a"
"148",48,118,2,65874,0,0,0,245,66042,"t","t","c","c"
"149",5,65908,6,72,4,0,0,246,65991,"c","c","t","t"
"150",65780,5,170,20,2,0,0,247,65975,"a","a","g","g"
"151",8,65796,2,161,0,0,0,248,65967,"c","c","t","t"
"152",65795,4,127,25,3,0,0,249,65951,"a","a","g","g"
"153",38,3,65827,20,4,0,0,250,65888,"g","g","a","a"
"154",65737,3,124,26,2,0,0,251,65890,"a","a","g","g"
"155",65681,5,158,16,1,0,0,252,65860,"a","a","g","g"
"156",6,65751,1,61,1,0,0,253,65819,"c","c","t","t"
"157",65611,10,137,31,1,0,0,254,65789,"a","a","g","g"
"158",33,3,65706,13,5,0,0,255,65755,"g","g","a","a"
"159",70,7,65629,10,0,0,0,256,65716,"g","g","a","a"
"160",2,65588,1,77,5,0,0,257,65668,"c","c","t","t"
"161",65441,4,181,19,2,0,0,258,65645,"a","a","g","g"
"162",65413,18,152,28,0,0,0,259,65611,"a","a","g","g"
"163",21,92,3,65450,0,0,0,260,65566,"t","t","c","c"
"164",65360,4,98,26,5,0,0,261,65488,"a","a","g","g"
"165",43,4,65356,15,5,0,0,262,65418,"g","g","a","a"
"166",65196,6,146,19,0,0,0,263,65367,"a","a","g","g"
"167",48,5,65254,9,1,0,0,264,65316,"g","g","a","a"
"168",33,2,65203,7,0,0,0,265,65245,"g","g","a","a"
"169",65026,8,114,24,0,0,0,266,65172,"a","a","g","g"
"170",11,128,7,64715,0,0,0,267,64861,"t","t","c","c"
"171",33,1,64792,4,0,0,0,268,64830,"g","g","a","a"
"172",11,88,1,64676,0,0,0,269,64776,"t","t","c","c"
"173",64573,1,134,13,0,0,0,270,64721,"a","a","g","g"
"174",50,90,2,64525,0,0,0,271,64667,"t","t","c","c"
"175",73,0,64557,13,0,0,0,272,64643,"g","g","a","a"
"176",34,8,64488,17,0,0,0,273,64547,"g","g","a","a"
"177",11,64195,2,56,0,0,0,274,64264,"c","a","t","g"
"178",64041,6,162,30,0,0,0,275,64239,"a","a","g","g"
"179",64045,5,112,31,7,0,0,276,64193,"a","t","g","c"
"180",9,64155,4,31,0,0,0,277,64199,"c","c","t","t"
"181",14,105,3,64077,0,0,0,278,64199,"t","t","c","c"
"182",10,64152,5,31,3,0,0,279,64198,"c","c","t","t"
"183",16,73,1,64067,13,0,0,280,64157,"t","t","c","c"
"184",5,78,2,64070,5,0,0,281,64155,"t","t","c","c"
"185",8,106,1,64017,1,0,0,282,64132,"t","t","c","c"
"186",61,3,63903,23,4,0,0,283,63990,"g","g","a","a"
"187",63709,8,126,32,1,0,0,284,63875,"a","a","g","g"
"188",30,1,63644,12,0,0,0,285,63687,"g","g","a","a"
"189",63357,1,231,24,0,0,0,286,63613,"a","a","g","g"
"190",5,63399,3,105,1,0,0,287,63512,"c","c","t","t"
"191",8,63318,6,96,4,0,0,288,63428,"c","c","t","t"
"192",20,119,4,62920,7,0,0,289,63063,"t","t","c","c"
"193",5,62946,6,55,3,0,0,290,63012,"c","c","t","t"
"194",62833,8,112,21,5,0,0,291,62974,"a","t","g","c"
"195",62779,8,91,17,0,0,0,292,62895,"a","a","g","g"
"196",16,62,2,62759,0,0,0,293,62839,"t","t","c","c"
"197",62635,4,88,15,46,0,0,294,62742,"a","a","g","g"
"198",62610,12,96,27,2,0,0,295,62745,"a","a","g","g"
"199",62533,4,134,10,0,0,0,296,62681,"a","a","g","g"
"200",18731,6,43518,5,0,0,0,297,62260,"g","a","a","g"
"201",9,62144,13,37,4,0,0,298,62203,"c","c","t","t"
"202",11,62047,3,19,0,0,0,299,62080,"c","c","t","t"
"203",19,103,1,61871,2,0,0,300,61994,"t","c","c","t"
"204",22,122,6,61825,2,0,0,301,61975,"t","t","c","c"
"205",39,3,61876,9,0,0,0,302,61927,"g","g","a","a"
"206",8,110,8,61656,0,0,0,303,61782,"t","t","c","c"
"207",58,4,61630,11,0,0,0,304,61703,"g","g","a","a"
"208",38,100,0,61400,2,0,0,305,61538,"t","t","c","c"
"209",61326,14,88,11,40,0,0,306,61439,"a","a","g","g"
"210",61276,7,117,22,2,0,0,307,61422,"a","a","g","g"
"211",61223,2,136,8,0,0,0,308,61369,"a","a","g","g"
"212",61152,7,119,11,2,0,0,309,61289,"a","a","g","g"
"213",7,67,4,61123,2,0,0,310,61201,"t","t","c","c"
"214",5,96,1,60983,0,0,0,311,61085,"t","t","c","c"
"215",59622,7,60,14,56,0,0,312,59703,"a","g","g","a"
"216",87,95,1,59359,3,0,0,313,59542,"t","a","c","g"
"217",13,59408,11,113,0,0,0,314,59545,"c","c","t","t"
"218",13,59446,2,84,0,0,0,315,59545,"c","c","t","t"
"219",12,59497,7,29,0,0,0,316,59545,"c","c","t","t"
"220",13,59493,4,35,0,0,0,317,59545,"c","c","t","t"
"221",59242,9,110,9,0,0,0,318,59370,"a","c","g","t"
"222",17,2088,4,57261,0,0,0,319,59370,"t","t","c","c"
"223",7,63,2,59298,0,0,0,320,59370,"t","t","c","c"
"224",59206,3,134,27,0,0,0,321,59370,"a","a","g","g"
"225",9,96,2,59263,0,0,0,322,59370,"t","t","c","c"
"226",31,1,59006,14,0,0,0,323,59052,"g","g","a","a"
"227",3,58821,1,46,0,0,0,324,58871,"c","c","t","t"
"228",58560,4,93,31,0,0,0,325,58688,"a","a","g","g"
"229",11,51,2,58450,9,0,0,326,58514,"t","t","c","c"
"230",9,55,3,58308,0,0,0,327,58375,"t","t","c","c"
"231",57956,0,79,12,3,0,0,328,58047,"a","a","g","g"
"232",4,57752,2,38,0,0,0,329,57796,"c","c","t","t"
"233",26,239,1,57176,1,0,0,330,57442,"t","c","c","t"
"234",57058,6,73,19,1,0,0,331,57156,"a","a","g","g"
"235",18,67,6,56750,0,0,0,332,56841,"t","t","c","c"
"236",50,1,56056,15,0,0,0,333,56122,"g","g","a","a"
"237",55655,2,96,26,0,0,0,334,55779,"a","a","g","g"
"238",46,0,54919,16,0,0,0,335,54981,"g","g","a","a"
"239",54432,3,132,23,0,0,0,336,54590,"a","a","g","g"
"240",4,120,3,54078,0,0,0,337,54205,"t","t","c","c"
"241",32,2,53688,17,0,0,0,338,53739,"g","g","a","a"
"242",2,53435,4,39,0,0,0,339,53480,"c","c","t","t"
"243",53102,1,25,1,0,0,0,340,53129,"a","a","g","g"
"244",52858,0,3,0,0,0,0,341,52861,"a","a","g","g"
"245",0,0,0,52270,0,0,0,342,52270,"t","t","c","c"
"246",52109,0,0,0,0,0,0,343,52109,"a","a","g","g"
"247",51807,0,0,0,0,0,0,344,51807,"a","a","g","g"
"248",0,1,0,34135,0,0,0,603,34136,"t","t","c","c"
"249",1,0,34852,0,0,0,0,604,34853,"g","g","a","a"
"250",35338,0,3,1,0,0,0,605,35342,"a","a","g","g"
"251",35577,1,13,2,0,0,0,606,35593,"a","a","g","g"
"252",35732,0,5,0,0,0,0,607,35737,"a","a","g","g"
"253",0,0,35864,0,0,0,0,608,35864,"g","g","a","a"
"254",0,5,0,36099,0,0,0,609,36104,"t","t","c","c"
"255",36511,0,3,2,0,0,0,610,36516,"a","a","g","g"
"256",116,1,36906,14,0,0,0,611,37037,"g","a","a","g"
"257",37811,0,4,1,0,0,0,612,37816,"a","a","g","g"
"258",11,59,0,38387,0,0,0,613,38457,"t","t","c","c"
"259",36,0,38906,3,0,0,0,614,38945,"g","g","a","a"
"260",2,52,2,39507,0,0,0,616,39563,"t","t","c","c"
"261",39812,1,48,7,2,0,0,617,39868,"a","a","g","g"
"262",13,39893,1,22,0,0,0,618,39929,"c","c","t","t"
"263",40247,2,72,6,0,0,0,619,40327,"a","a","g","g"
"264",15,77,8,40373,0,0,0,620,40473,"t","t","c","c"
"265",48,4,40705,12,2,0,0,621,40769,"g","g","a","a"
"266",40896,2,78,19,0,0,0,622,40995,"a","a","g","g"
"267",41046,0,77,5,0,0,0,623,41128,"a","a","g","g"
"268",22,91,5,41111,0,0,0,624,41229,"t","t","c","c"
"269",27,41613,1,52,2,0,0,625,41693,"c","c","t","t"
"270",42595,3,110,17,1,0,0,626,42725,"a","a","g","g"
"271",10,42880,1,24,0,0,0,627,42915,"c","c","t","t"
"272",8,97,7,43722,2,0,0,628,43834,"t","t","c","c"
"273",24,0,43805,6,2,0,0,629,43835,"g","g","a","a"
"274",6,53,2,43772,4,0,0,630,43833,"t","t","c","c"
"275",43764,6,46,13,7,0,0,631,43829,"a","a","g","g"
"276",43777,1,51,9,0,0,0,632,43838,"a","a","g","g"
"277",19,43749,3,68,0,0,0,633,43839,"c","c","t","t"
"278",43740,3,84,12,0,0,0,634,43839,"a","a","g","g"
"279",9,43747,0,83,0,0,0,635,43839,"c","c","t","t"
"280",18,97,4,43716,4,0,0,636,43835,"t","c","c","t"
"281",34,59,3,43739,4,0,0,637,43835,"t","a","c","g"
"282",14,43960,5,53,22,0,0,638,44032,"c","g","t","a"
"283",0,53,1,47541,21,0,0,639,47595,"t","t","c","c"
"284",10,40,8,48032,0,0,0,641,48090,"t","t","c","c"
"285",13,47,2,48360,0,0,0,642,48422,"t","t","c","c"
"286",48618,3,46,7,2,0,0,643,48674,"a","a","g","g"
"287",10,67,7,48771,9,0,0,644,48855,"t","t","c","c"
"288",26,48693,0,151,1,0,0,645,48870,"c","t","t","c"
"289",12,49721,4,34,1,0,0,646,49771,"c","c","t","t"
"290",50405,5,84,8,6,0,0,647,50502,"a","a","g","g"
"291",50518,5,53,22,5,0,0,648,50598,"a","a","g","g"
"292",24,1,50690,6,0,0,0,649,50721,"g","g","a","a"
"293",50574,11,111,25,0,0,0,650,50721,"a","a","g","g"
"294",288,1,50428,5,0,0,0,651,50722,"g","a","a","g"
"295",10,99,4,50813,0,0,0,652,50926,"t","t","c","c"
"296",11,51113,2,28,5,0,0,653,51154,"c","c","t","t"
"297",16,100,3,51867,4,0,0,654,51986,"t","c","c","t"
"298",7,90,4,53523,4,0,0,655,53624,"t","t","c","c"
"299",28,4,53823,11,0,0,0,656,53866,"g","g","a","a"
"300",24,107,2,53821,0,0,0,657,53954,"t","t","c","c"
"301",46,2,54039,12,4,0,0,658,54099,"g","g","a","a"
"302",54176,3,83,31,0,0,0,659,54293,"a","a","g","g"
"303",2,54295,5,82,1,0,0,660,54384,"c","c","t","t"
"304",54424,1,134,23,1,0,0,661,54582,"a","a","g","g"
"305",54579,6,97,10,0,0,0,662,54692,"a","a","g","g"
"306",139,1,54632,8,2,0,0,663,54780,"g","g","a","a"
"307",14,54800,0,47,0,0,0,664,54861,"c","c","t","t"
"308",55090,1,70,14,0,0,0,665,55175,"a","a","g","g"
"309",9,1602,7,53647,2,0,0,666,55265,"t","t","c","c"
"310",11,70,6,55420,1,0,0,667,55507,"t","t","c","c"
"311",55542,3,79,10,3,0,0,668,55634,"a","a","g","g"
"312",6,45,6,55759,1,0,0,669,55816,"t","t","c","c"
"313",11,89,4,55829,0,0,0,670,55933,"t","t","c","c"
"314",47,8,55919,10,25,0,0,671,55984,"g","g","a","a"
"315",42,8,56025,25,4,0,0,672,56100,"g","g","a","a"
"316",34,6,56161,15,0,0,0,673,56216,"g","g","a","a"
"317",56133,6,85,27,0,0,0,674,56251,"a","a","g","g"
"318",6,37,1,56377,0,0,0,675,56421,"t","t","c","c"
"319",56421,1,71,13,0,0,0,676,56506,"a","g","g","a"
"320",6,56513,2,38,0,0,0,677,56559,"c","c","t","t"
"321",18,54,3,56644,0,0,0,678,56719,"t","t","c","c"
"322",56797,0,59,15,1,0,0,679,56871,"a","a","g","g"
"323",16,60,2,56839,11,0,0,680,56917,"t","t","c","c"
"324",20,161,3,56855,0,0,0,681,57039,"t","t","c","c"
"325",56951,3,91,17,6,0,0,682,57062,"a","a","g","g"
"326",39,1,57154,8,1,0,0,683,57202,"g","g","a","a"
"327",57130,5,80,15,0,0,0,684,57230,"a","a","g","g"
"328",4,108,3,57238,41,0,0,685,57353,"t","t","c","c"
"329",9,59,8,57440,1,0,0,686,57516,"t","t","c","c"
"330",6,72,3,57649,1,0,0,687,57730,"t","t","c","c"
"331",57716,9,55,22,2,0,0,688,57802,"a","a","g","g"
"332",36,1,57923,16,0,0,0,689,57976,"g","g","a","a"
"333",31,2,57988,9,0,0,0,690,58030,"g","a","a","g"
"334",11,82,4,57955,0,0,0,691,58052,"t","t","c","c"
"335",58038,1,58,11,0,0,0,692,58108,"a","a","g","g"
"336",14,71,4,58079,2,0,0,693,58168,"t","t","c","c"
"337",22,72,3,58122,2,0,0,694,58219,"t","t","c","c"
"338",60,3,58161,3,8,0,0,695,58227,"g","g","a","a"
"339",20,142,8,58062,0,0,0,696,58232,"t","t","c","c"
"340",51,2,58164,16,1,0,0,697,58233,"g","g","a","a"
"341",22,58082,4,66,1,0,0,698,58174,"c","c","t","t"
"342",58173,7,109,30,1,0,0,699,58319,"a","a","g","g"
"343",12,58237,2,54,3,0,0,700,58305,"c","c","t","t"
"344",11,58315,2,50,3,0,0,701,58378,"c","c","t","t"
"345",27,132,4,58275,28,0,0,702,58438,"t","g","c","a"
"346",18,58245,2,87,0,0,0,703,58352,"c","c","t","t"
"347",22,58243,2,42,1,0,0,704,58309,"c","c","t","t"
"348",58378,4,93,15,9,0,0,705,58490,"a","a","g","g"
"349",17,5,58532,13,8,0,0,706,58567,"g","g","a","a"
"350",20,0,58612,8,0,0,0,707,58640,"g","g","a","a"
"351",24,76,8,58622,2,0,0,708,58730,"t","t","c","c"
"352",19,74,1,58676,1,0,0,709,58770,"t","t","c","c"
"353",58701,2,68,10,2,0,0,710,58781,"a","a","g","g"
"354",18,101,5,58711,0,0,0,711,58835,"t","t","c","c"
"355",35,5,58757,8,0,0,0,712,58805,"g","g","a","a"
"356",4,58682,3,41,0,0,0,713,58730,"c","c","t","t"
"357",5,106,10,58506,19,0,0,714,58627,"t","t","c","c"
"358",12,250,13,58523,13,0,0,715,58798,"t","t","c","c"
"359",19,89,5,58691,1,0,0,716,58804,"t","t","c","c"
"360",39,2,58754,7,2,0,0,717,58802,"g","g","a","a"
"361",3,58718,4,27,0,0,0,718,58752,"c","c","t","t"
"362",30,75,7,58667,15,0,0,719,58779,"t","t","c","c"
"363",7,74,4,58830,0,0,0,720,58915,"t","t","c","c"
"364",58824,8,75,14,8,0,0,721,58921,"a","a","g","g"
"365",38,3,58838,27,5,0,0,722,58906,"g","g","a","a"
"366",58668,11,170,12,5,0,0,723,58861,"a","g","g","a"
"367",13,101,1,58769,0,0,0,724,58884,"t","t","c","c"
"368",23,0,58868,9,0,0,0,725,58900,"g","g","a","a"
"369",10,96,2,58768,1,0,0,726,58876,"t","t","c","c"
"370",58733,2,127,9,14,0,0,727,58871,"a","a","g","g"
"371",58739,9,113,6,0,0,0,728,58867,"a","a","g","g"
"372",94,78,9,58685,0,0,0,729,58866,"t","t","c","c"
"373",39,4,58790,24,2,0,0,730,58857,"g","g","a","a"
"374",58689,17,112,19,7,0,0,731,58837,"a","a","g","g"
"375",5,58687,0,32,8,0,0,732,58724,"c","t","t","c"
"376",58650,3,88,20,0,0,0,733,58761,"a","a","g","g"
"377",3,58683,2,34,0,0,0,734,58722,"c","c","t","t"
"378",58441,5,197,16,3,0,0,735,58659,"a","a","g","g"
"379",58389,23,135,10,0,0,0,736,58557,"a","a","g","g"
"380",58436,5,78,7,0,0,0,737,58526,"a","a","g","g"
"381",11,69,3,58382,1,0,0,738,58465,"t","t","c","c"
"382",8,56,8,58198,0,0,0,739,58270,"t","t","c","c"
"383",58121,1,113,7,3,0,0,740,58242,"a","a","g","g"
"384",11,120,5,58050,2,0,0,741,58186,"t","t","c","c"
"385",25,89,2,58019,0,0,0,742,58135,"t","t","c","c"
"386",13,58004,4,48,5,0,0,743,58069,"c","c","t","t"
"387",57884,5,123,23,2,0,0,744,58035,"a","a","g","g"
"388",19,1,57988,15,0,0,0,745,58023,"g","g","a","a"
"389",35,4,57964,2,0,0,0,746,58005,"g","g","a","a"
"390",6,57867,4,20,0,0,0,747,57897,"c","c","t","t"
"391",6,99,3,57751,0,0,0,748,57859,"t","t","c","c"
"392",18,72,7,57724,0,0,0,749,57821,"t","t","c","c"
"393",0,0,0,57782,0,0,0,750,57782,"t","t","c","c"
"394",55928,3,251,12,1,0,0,751,56194,"a","g","g","a"
"395",17,120,7,55873,112,0,0,752,56017,"t","c","c","t"
"396",75,5,55891,46,112,0,0,753,56017,"g","t","a","c"
"397",27,56008,3,59,34,0,0,754,56097,"c","c","t","t"
"398",7,56087,3,0,34,0,0,755,56097,"c","c","t","t"
"399",22,138,5,55964,2,0,0,756,56129,"t","t","c","c"
"400",56049,6,64,10,2,0,0,757,56129,"a","a","g","g"
"401",56006,12,95,15,3,0,0,758,56128,"a","a","g","g"
"402",55850,8,237,6,29,0,0,759,56101,"a","c","g","t"
"403",5,70,2,56054,0,0,0,760,56131,"t","t","c","c"
"404",37,2,56091,1,0,0,0,761,56131,"g","g","a","a"
"405",7,130,4,55989,1,0,0,762,56130,"t","t","c","c"
"406",12,133,3,55981,1,0,0,763,56129,"t","t","c","c"
"407",7,56079,5,38,1,0,0,764,56129,"c","c","t","t"
"408",9,56,7,56055,3,0,0,765,56127,"t","t","c","c"
"409",56053,1,58,2,16,0,0,766,56114,"a","a","g","g"
"410",55939,3,107,29,0,0,0,767,56078,"a","a","g","g"
"411",27,0,56000,7,0,0,0,768,56034,"g","g","a","a"
"412",22,3,55925,5,0,0,0,769,55955,"g","g","a","a"
"413",15,70,2,55782,0,0,0,770,55869,"t","t","c","c"
"414",30,6,55763,20,14,0,0,771,55819,"g","a","a","g"
"415",18,9,55764,6,1,0,0,772,55797,"g","g","a","a"
"416",20,172,8,55561,0,0,0,773,55761,"t","t","c","c"
"417",46,2,55621,19,25,0,0,774,55688,"g","g","a","a"
"418",27,4,55613,5,0,0,0,775,55649,"g","g","a","a"
"419",16,128,4,55417,0,0,0,776,55565,"t","t","c","c"
"420",2,55414,1,25,0,0,0,777,55442,"c","t","t","c"
"421",15,218,4,55141,0,0,0,778,55378,"t","t","c","c"
"422",6,55114,1,31,0,0,0,779,55152,"c","c","t","t"
"423",15,144,5,54956,0,0,0,780,55120,"t","t","c","c"
"424",18,79,2,54952,0,0,0,781,55051,"t","t","c","c"
"425",5,54902,0,100,0,0,0,782,55007,"c","c","t","t"
"426",53794,4,1126,24,0,0,0,783,54948,"a","a","g","g"
"427",9,101,4,54729,60,0,0,784,54843,"t","t","c","c"
"428",42,2,54734,10,61,0,0,785,54788,"g","g","a","a"
"429",36,53246,5,343,0,0,0,786,53630,"c","c","t","t"
"430",53406,2,117,22,0,0,0,787,53547,"a","a","g","g"
"431",2,52999,4,182,142,0,0,788,53187,"c","c","t","t"
"432",53045,1,95,111,33,0,0,789,53252,"a","a","g","g"
"433",53046,7,109,8,0,0,0,790,53170,"a","a","g","g"
"434",8,0,53062,12,0,0,0,791,53082,"g","g","a","a"
"435",115,16,52624,6,73,0,0,792,52761,"g","a","a","g"
"436",52598,1,148,10,1,0,0,793,52757,"a","a","g","g"
"437",9,73,5,52560,3,0,0,794,52647,"t","t","c","c"
"438",77,7,52481,12,0,0,0,795,52577,"g","g","a","a"
"439",52424,3,70,16,0,0,0,796,52513,"a","a","g","g"
"440",17,63,2,52349,8,0,0,797,52431,"t","t","c","c"
"441",48,8,52261,9,0,0,0,798,52326,"g","g","a","a"
"442",71,7,52133,12,0,0,0,799,52223,"g","g","a","a"
"443",51921,6,99,19,0,0,0,800,52045,"a","a","g","g"
"444",27,7,51958,8,0,0,0,801,52000,"g","g","a","a"
"445",51790,0,10,0,0,0,0,802,51800,"a","a","g","g"
"446",3,51404,0,4,0,0,0,803,51411,"c","c","t","t"
"447",51186,0,7,3,0,0,0,804,51196,"a","a","g","g"
"448",0,50850,0,0,0,0,0,805,50850,"c","c","t","t"
"449",50534,0,0,0,0,0,0,806,50534,"a","a","g","g"
