"","a","c","g","t","deletion","insertion","N","pos","TotalReads","MajNt","ref","transition.maj","transition.ref","pi"
"1",15,29,204,69752,0,0,0,95,70000,"t","t","c","c",0.00706445183673476
"2",69947,4,30,20,0,0,0,96,70001,"a","a","g","g",0.00154197145356213
"3",8,69933,12,49,0,0,0,97,70002,"c","c","t","t",0.0019698682508186
"4",14,69917,8,64,0,0,0,98,70003,"c","c","t","t",0.00245463939374746
"5",69965,3,29,7,0,0,0,99,70004,"a","a","g","g",0.00111372822334193
"6",45,5,69941,14,0,0,0,100,70005,"g","g","a","a",0.0018271467248191
"7",4,69968,3,31,0,0,0,101,70006,"c","c","t","t",0.00108512539910201
"8",1,14,0,69918,74,0,0,102,69933,"t","a","c","g",0.000428895738104118
"9",4,20,0,69983,1,0,0,103,70007,"t","t","c","c",0.000685443312646195
"10",51,4,69940,13,1,0,0,104,70008,"g","g","a","a",0.0019411232281129
"11",41,4,69953,9,3,0,0,105,70007,"g","g","a","a",0.00154174510494922
"12",69881,2,17,19,92,0,0,106,69919,"a","a","g","g",0.00108654291179823
"13",123,2,69873,8,6,0,0,107,70006,"g","a","a","g",0.00379296403544145
"14",30,4,69968,9,2,0,0,108,70011,"g","g","a","a",0.00122779776385297
"15",69933,5,56,17,3,0,0,109,70011,"a","a","g","g",0.00222627617659362
"16",69996,5,10,3,1,0,0,110,70014,"a","a","g","g",0.000514089445699042
"17",6,33,4,69957,16,0,0,111,70000,"t","t","c","c",0.00122796122448976
"18",48,5,69931,15,18,0,0,112,69999,"g","g","a","a",0.00194141995854131
"19",5,69936,7,37,33,0,0,113,69985,"c","c","t","t",0.00139951523818548
"20",57,7,69905,18,32,0,0,114,69987,"g","g","a","a",0.00234118011268286
"21",69896,88,15,19,2,0,0,115,70018,"a","a","g","g",0.00348008307410332
"22",1,69966,6,43,5,0,0,116,70016,"c","c","t","t",0.00142735027958623
"23",69869,2,125,25,1,0,0,117,70021,"a","a","g","g",0.00433352724873541
"24",69906,10,93,13,1,0,0,118,70022,"a","a","g","g",0.00330868115523271
"25",8,119,1,69892,4,0,0,119,70020,"t","t","c","c",0.00364985488701508
"26",19,112,1,69893,0,0,0,120,70025,"t","t","c","c",0.00376389673652799
"27",7,69957,4,47,11,0,0,121,70015,"c","c","t","t",0.00165563771189517
"28",10,69978,4,35,0,0,0,122,70027,"c","c","t","t",0.00139869712351495
"29",5,69987,1,35,0,0,0,123,70028,"c","c","t","t",0.00117036229841346
"30",6,69982,1,40,0,0,0,124,70029,"c","c","t","t",0.00134151679869017
"31",6,241,2,69780,1,0,0,125,70029,"t","t","c","c",0.00708684519356673
"32",7,69995,1,28,0,0,0,126,70031,"c","c","t","t",0.00102768181088561
"33",11,359,1,69658,3,0,0,127,70029,"t","t","c","c",0.0105412383076101
"34",9,96,2,69923,3,0,0,128,70030,"t","t","c","c",0.00305160214786482
"35",6,69997,1,27,3,0,0,129,70031,"c","c","t","t",0.000970606660069819
"36",51,68,7,69907,2,0,0,130,70033,"t","t","c","c",0.00359358361842232
"37",30,1,69997,6,2,0,0,131,70034,"g","g","a","a",0.00105615948162178
"38",21,359,5,69652,0,0,0,132,70037,"t","t","c","c",0.0109376012758806
"39",35,0,69992,11,0,0,0,133,70038,"g","g","a","a",0.00131286686785365
"40",9,69955,13,61,1,0,0,134,70038,"c","c","t","t",0.00236792800076479
"41",69854,4,150,18,5,0,0,135,70026,"a","a","g","g",0.00490177025360815
"42",69802,4,177,20,0,0,0,136,70003,"a","a","g","g",0.00572788861943442
"43",1,69877,7,34,82,0,0,137,69919,"c","c","t","t",0.00120078265243761
"44",4,69847,0,141,0,0,0,138,69992,"c","c","t","t",0.00413497732856514
"45",69873,6,85,22,3,0,0,139,69986,"a","a","g","g",0.00322502906629885
"46",69828,3,131,22,0,0,0,140,69984,"a","a","g","g",0.00444958855903622
"47",23,1,69947,10,0,0,0,141,69981,"g","g","a","a",0.000971327628743656
"48",69844,3,127,13,0,0,0,142,69987,"a","a","g","g",0.00407896919073087
"49",69619,6,358,9,0,0,0,143,69992,"a","a","g","g",0.0106037750100754
"50",5,52,2,69926,0,0,0,144,69985,"t","t","c","c",0.0016848068806874
"51",69888,6,57,32,0,0,0,145,69983,"a","a","g","g",0.00271222251137636
"52",46,4,69906,19,8,0,0,146,69975,"g","g","a","a",0.00197065143844437
"53",39,4,69924,15,1,0,0,147,69982,"g","g","a","a",0.00165652242853202
"54",29,5,69948,13,0,0,0,148,69995,"g","g","a","a",0.00134229093267254
"55",69747,1,222,24,1,0,0,149,69994,"a","a","g","g",0.00703511739701001
"56",20,83,4,69874,0,0,0,150,69981,"t","t","c","c",0.00305414345286514
"57",69885,1,86,22,1,0,0,151,69994,"a","a","g","g",0.00311051892324842
"58",5,69950,4,32,4,0,0,152,69991,"c","c","t","t",0.00117101865074434
"59",22,84,13,69867,1,0,0,153,69986,"t","t","c","c",0.00339621508487919
"60",20,102,9,69836,0,0,0,154,69967,"t","t","c","c",0.00373889339098188
"61",625,4,69272,34,59,0,0,155,69935,"g","g","a","a",0.0187904812223142
"62",601,1,69384,7,4,0,0,156,69993,"g","g","a","a",0.0172522955927181
"63",55,3,69927,9,0,0,0,157,69994,"g","g","a","a",0.00191289770718568
"64",51,3,69917,10,0,0,0,158,69981,"g","g","a","a",0.00182767815593945
"65",69834,3,120,30,11,0,0,159,69987,"a","a","g","g",0.00436433599059805
"66",69687,5,273,24,0,0,0,160,69989,"a","a","g","g",0.00859597117459112
"67",5,69929,3,54,4,0,0,161,69991,"c","c","t","t",0.00177026946859976
"68",69895,1,78,18,5,0,0,162,69992,"a","a","g","g",0.00276851644106709
"69",69841,7,125,26,0,0,0,163,69999,"a","a","g","g",0.00450591853552838
"70",5,69927,7,51,0,0,0,164,69990,"c","c","t","t",0.0017989008737414
"71",13,118,5,69858,0,0,0,165,69994,"t","t","c","c",0.00387939031596085
"72",8,69933,1,51,0,0,0,166,69993,"c","c","t","t",0.00171317812869792
"73",69873,3,97,22,0,0,0,167,69995,"a","a","g","g",0.0034809041930434
"74",32,3,69935,4,1,0,0,168,69974,"g","g","a","a",0.00111417486598559
"75",108,97,8,69786,0,0,0,169,69999,"t","t","c","c",0.0060722281848723
"76",31,2,69913,20,0,0,0,170,69966,"g","g","a","a",0.00151416891707467
"77",7,69075,4,878,0,0,0,171,69964,"c","c","t","t",0.0250941150648886
"78",12,69833,3,85,5,0,0,172,69933,"c","t","t","c",0.00285632684157616
"79",22,92,101,69764,1,0,0,173,69979,"t","t","c","c",0.00613135091178674
"80",69879,3,79,22,11,0,0,174,69983,"a","g","g","a",0.00296856700644067
"81",12,69938,2,48,0,0,0,175,70000,"c","c","t","t",0.00177014367346935
"82",11,69914,3,73,0,0,0,176,70001,"c","c","t","t",0.00248302007647066
"83",69837,4,115,42,4,0,0,177,69998,"a","a","g","g",0.00459177871013718
"84",37,1,69945,12,1,0,0,178,69995,"g","g","a","a",0.00142785417596454
"85",69852,0,117,23,0,0,0,179,69992,"a","a","g","g",0.00399355398466838
"86",2,48,3,69938,3,0,0,180,69991,"t","t","c","c",0.00151343404169479
"87",69927,2,51,6,10,0,0,181,69986,"a","a","g","g",0.00168480160835335
"88",68620,3,1351,11,0,0,0,182,69985,"a","a","g","g",0.0382552696854906
"89",46,77,0,69864,2,0,0,183,69987,"t","t","c","c",0.00351020734370211
"90",16,231,7,69707,2,0,0,186,69961,"t","t","c","c",0.00723704270318737
"91",34,5,69924,17,1,0,0,187,69980,"g","g","a","a",0.00159951673613345
"92",69812,43,118,19,1,0,0,188,69992,"a","a","g","g",0.00513353780281485
"93",17,147,2,69808,6,0,0,189,69974,"t","t","c","c",0.00473451845850081
"94",7,63,3,69911,1,0,0,190,69984,"t","t","c","c",0.00208428086848367
"95",69870,2,87,25,5,0,0,191,69984,"a","a","g","g",0.00325356023306332
"96",14,158,1,69812,0,0,0,192,69985,"t","t","c","c",0.0049326688764878
"97",9,93,4,69866,0,0,0,193,69972,"t","t","c","c",0.0030257021183987
"98",9,69917,4,40,0,0,0,194,69970,"c","c","t","t",0.00151401459156553
"99",69814,9,134,29,0,0,0,195,69986,"a","a","g","g",0.00490537460668898
"100",19,3,69959,10,0,0,0,196,69991,"g","g","a","a",0.000914098304045189
"101",69825,1,143,18,0,0,0,197,69987,"a","a","g","g",0.00461983210483253
"102",69832,3,142,7,0,0,0,198,69984,"a","a","g","g",0.00433500393858394
"103",19,84,3,69861,1,0,0,199,69967,"t","t","c","c",0.00302618769216734
"104",25,88,3,69854,0,0,0,200,69970,"t","t","c","c",0.00331124699127383
"105",39,2,69911,10,8,0,0,201,69962,"g","g","a","a",0.00145707092107961
"106",39,2,69929,6,0,0,0,202,69976,"g","g","a","a",0.00134254779332219
"107",3,69901,2,37,0,0,0,203,69943,"c","c","t","t",0.0012003348514749
"108",20,69738,0,92,0,0,0,204,69850,"c","c","t","t",0.00320248410414178
"109",52,97,5,69811,0,0,0,206,69965,"t","t","c","c",0.00439487663505878
"110",9,63,1,69884,28,0,0,207,69957,"t","a","c","g",0.00208507965800586
"111",69912,3,63,18,0,0,0,208,69996,"a","a","g","g",0.00239781892657826
"112",69882,0,103,9,0,0,0,209,69994,"a","a","g","g",0.00319553186361766
"113",6,133,6,69832,0,0,0,210,69977,"t","t","c","c",0.00413629810036331
"114",30,1,69961,4,0,0,0,211,69996,"g","g","a","a",0.000999619953302061
"115",11,99,1,69838,12,0,0,212,69949,"t","t","c","c",0.00316919465444032
"116",8,85,1,69887,0,0,0,213,69981,"t","t","c","c",0.00268315065553593
"117",69887,3,66,23,5,0,0,214,69979,"a","a","g","g",0.00262663247778371
"118",8,69921,12,35,0,0,0,215,69976,"c","c","t","t",0.00157105711162573
"119",69668,10,149,150,2,0,0,216,69977,"a","a","g","g",0.00880282539613897
"120",27,2,69945,9,3,0,0,217,69983,"g","g","a","a",0.00108551698300098
"121",69827,4,114,37,6,0,0,218,69982,"a","a","g","g",0.00442186850529562
"122",69842,3,142,4,0,0,0,219,69991,"a","a","g","g",0.0042490370290784
"123",69851,2,118,14,0,0,0,220,69985,"a","a","g","g",0.00382284226706549
"124",19,0,69955,9,0,0,0,221,69983,"g","g","a","a",0.000799944007255822
"125",3,69918,1,36,12,0,0,222,69958,"c","a","t","g",0.00114294949527947
"126",9,291,4,69580,2,0,0,223,69884,"t","t","c","c",0.0086638494560014
"127",8,106,16,69802,0,0,0,224,69932,"t","t","c","c",0.00371207873978574
"128",27,139,3,69802,0,0,0,225,69971,"t","t","c","c",0.00482064199026944
"129",30,2,69928,9,0,0,0,226,69969,"g","g","a","a",0.00117140301293007
"130",69874,4,92,13,0,0,0,227,69983,"a","a","g","g",0.00311085039283662
"131",13,153,0,69790,0,0,0,228,69956,"t","t","c","c",0.00473539160092729
"132",29,0,69912,8,0,0,0,229,69949,"g","g","a","a",0.00105744886417673
"133",6,69889,3,43,4,0,0,230,69941,"c","c","t","t",0.00148602763579797
"134",87,130,236,69285,0,0,0,231,69738,"t","c","c","t",0.0129328043888898
"135",182,234,6,69367,0,0,0,232,69789,"t","t","c","c",0.0120389819467741
"136",610,4,69151,16,0,0,0,233,69781,"g","g","a","a",0.017898509771257
"137",46,1,69697,17,1,0,0,234,69761,"g","g","a","a",0.0018335000367087
"138",40,7,69635,7,33,0,0,235,69689,"g","a","a","g",0.00154879237124427
"139",69596,6,154,32,1,0,0,236,69788,"a","a","g","g",0.0054897224966558
"140",43,3,69756,10,3,0,0,237,69812,"g","c","a","t",0.00160326351632733
"141",69810,6,147,33,0,0,0,238,69996,"a","a","g","g",0.00530288806785123
"142",69843,1,146,7,0,0,0,239,69997,"a","a","g","g",0.00439098738269027
"143",11,75,1,69911,0,0,0,240,69998,"t","t","c","c",0.00248306760183603
"144",69893,2,78,24,1,0,0,241,69997,"a","a","g","g",0.00296798827109423
"145",3,69892,8,81,1,0,0,242,69984,"c","c","t","t",0.0026260897487262
"146",69853,6,111,19,0,0,0,243,69989,"a","a","g","g",0.00387995278730981
"147",28,2,69935,8,0,0,0,244,69973,"g","g","a","a",0.00108566428970727
"148",27,116,4,69844,0,0,0,245,69991,"t","t","c","c",0.0041932300265678
"149",10,69903,1,60,0,0,0,246,69974,"c","c","t","t",0.00202753977023415
"150",69762,2,197,14,2,0,0,247,69975,"a","a","g","g",0.00607065622502604
"151",10,69920,2,37,0,0,0,248,69969,"c","c","t","t",0.00139982896172601
"152",69726,5,213,19,1,0,0,249,69963,"a","a","g","g",0.0067541868247491
"153",46,2,69872,18,2,0,0,250,69938,"g","g","a","a",0.00188599575374998
"154",69806,1,119,33,0,0,0,251,69959,"a","a","g","g",0.0043660914337612
"155",69825,3,115,13,0,0,0,252,69956,"a","a","g","g",0.00373896587574631
"156",7,69883,1,54,0,0,0,253,69945,"c","c","t","t",0.0017714295201491
"157",69731,5,92,103,1,0,0,254,69931,"a","a","g","g",0.00570783929644507
"158",47,3,69864,10,5,0,0,255,69924,"g","g","a","a",0.00171493857979668
"159",94,2,69814,6,0,0,0,256,69916,"g","g","a","a",0.00291384290458822
"160",6,69875,3,28,1,0,0,257,69912,"c","c","t","t",0.00105802380815928
"161",69523,3,350,25,2,0,0,258,69901,"a","a","g","g",0.0107608526429622
"162",69760,0,114,21,0,0,0,259,69895,"a","a","g","g",0.00385645620178304
"163",10,60,2,69783,0,0,0,260,69855,"t","t","c","c",0.00205959151117663
"164",69705,4,69,28,2,0,0,261,69806,"a","a","g","g",0.00289049942398344
"165",34,1,69711,6,2,0,0,262,69752,"g","g","a","a",0.00117500282257669
"166",69563,7,121,38,0,0,0,263,69729,"a","a","g","g",0.00475230437016714
"167",32,7,69629,18,3,0,0,264,69686,"g","g","a","a",0.00163495292464271
"168",2748,2,66852,6,0,0,0,265,69608,"g","g","a","a",0.0760601447010445
"169",69430,2,132,23,1,0,0,266,69587,"a","a","g","g",0.00450353845498294
"170",36,83,12,69273,1,0,0,267,69404,"t","t","c","c",0.00376970679070388
"171",45,4,69308,11,1,0,0,268,69368,"g","g","a","a",0.00172870683546998
"172",21,75,1,69221,1,0,0,269,69318,"t","t","c","c",0.00279547504380584
"173",69139,5,108,28,0,0,0,270,69280,"a","a","g","g",0.00406369798694856
"174",32,53,5,69155,0,0,0,271,69245,"t","t","c","c",0.00259697175003182
"175",129,3,69082,4,0,0,0,272,69218,"g","g","a","a",0.00392227470814871
"176",53,13,69040,18,0,0,0,273,69124,"g","g","a","a",0.00242824711167774
"177",20,68816,2,68,0,0,0,274,68906,"c","a","t","g",0.00260948944331234
"178",68717,6,137,28,1,0,0,275,68888,"a","a","g","g",0.00495429056255291
"179",68730,2,72,33,16,0,0,276,68837,"a","t","g","c",0.00310505241564807
"180",6,68815,2,32,0,0,0,277,68855,"c","c","t","t",0.00116129997820454
"181",26,160,3,68665,0,0,0,278,68854,"t","t","c","c",0.00547679810645252
"182",7,68830,0,15,0,0,0,279,68852,"c","c","t","t",0.000638891983950908
"183",24,128,2,68654,10,0,0,280,68808,"t","t","c","c",0.00446763152068974
"184",6,90,4,68713,1,0,0,281,68813,"t","t","c","c",0.00290259417020378
"185",10,95,3,68678,1,0,0,282,68786,"t","t","c","c",0.00313577823920586
"186",616,2,68053,11,3,0,0,283,68682,"g","g","a","a",0.0181519594602405
"187",68394,5,180,24,1,0,0,284,68603,"a","a","g","g",0.00607673477064775
"188",25,2,68381,7,0,0,0,285,68415,"g","g","a","a",0.000993542249700077
"189",68198,3,143,22,0,0,0,286,68366,"a","a","g","g",0.00490420444890571
"190",7,68240,1,30,0,0,0,287,68278,"c","c","t","t",0.00111258293244601
"191",9,68175,4,34,0,0,0,288,68222,"c","c","t","t",0.00137711081332066
"192",28,71,5,67786,0,0,0,289,67890,"t","t","c","c",0.00306016371565854
"193",6,67802,2,23,2,0,0,290,67833,"c","c","t","t",0.000913676891875775
"194",67663,9,106,15,1,0,0,291,67793,"a","t","g","c",0.00382901565293473
"195",67612,4,85,10,0,0,0,292,67711,"a","a","g","g",0.00292045363112247
"196",9,50,1,67585,0,0,0,293,67645,"t","t","c","c",0.00177261602678158
"197",67493,8,57,15,22,0,0,294,67573,"a","a","g","g",0.00236563315857632
"198",67460,6,89,14,0,0,0,295,67569,"a","a","g","g",0.00322194354046577
"199",67404,7,95,16,0,0,0,296,67522,"a","a","g","g",0.00349005670066652
"200",41,1,67105,6,1,0,0,297,67153,"g","a","a","g",0.00142867938766736
"201",3,67073,11,37,1,0,0,298,67124,"c","c","t","t",0.00151866573826892
"202",3,66997,2,43,0,0,0,299,67045,"c","c","t","t",0.00143094731343998
"203",10,90,3,66874,2,0,0,300,66977,"t","c","c","t",0.0030714877925061
"204",10,80,2,66885,2,0,0,301,66977,"t","t","c","c",0.00274387506603779
"205",34,4,66927,14,0,0,0,302,66979,"g","g","a","a",0.00155181780595996
"206",15,94,3,66730,0,0,0,303,66842,"t","t","c","c",0.00334634870942896
"207",46,1,66723,3,0,0,0,304,66773,"g","g","a","a",0.00149657377234501
"208",8,80,0,66527,2,0,0,305,66615,"t","t","c","c",0.00263884582607354
"209",66285,4,213,11,38,0,0,306,66513,"a","a","g","g",0.00683376590284297
"210",66358,4,114,22,0,0,0,307,66498,"a","a","g","g",0.00420316852869381
"211",66346,1,104,7,0,0,0,308,66458,"a","a","g","g",0.00336524944249778
"212",66250,5,114,17,0,0,0,309,66386,"a","a","g","g",0.00409003243092455
"213",7,123,3,66146,0,0,0,310,66279,"t","t","c","c",0.00400585367338402
"214",8,70,1,66083,1,0,0,311,66162,"t","t","c","c",0.00238551778744356
"215",64713,0,59,5,186,0,0,312,64777,"a","g","g","a",0.00197419830388694
"216",208,137,0,64409,3,0,0,313,64754,"t","a","c","g",0.0106125322016115
"217",3,64532,0,222,0,0,0,314,64757,"c","c","t","t",0.00692522864975607
"218",14,64652,2,89,0,0,0,315,64757,"c","c","t","t",0.00323832698925928
"219",17,64688,2,50,0,0,0,316,64757,"c","c","t","t",0.0021292423756244
"220",9,64706,0,42,0,0,0,317,64757,"c","c","t","t",0.00157405907206462
"221",64524,8,46,13,0,0,0,318,64591,"a","c","g","t",0.00207295341235861
"222",8,65,1,64517,0,0,0,319,64591,"t","t","c","c",0.0022890000536413
"223",12,42,5,64532,0,0,0,320,64591,"t","t","c","c",0.00182558220607798
"224",64530,0,54,7,0,0,0,321,64591,"a","a","g","g",0.00188720544854059
"225",16,101,2,64472,0,0,0,322,64591,"t","t","c","c",0.00367882214830229
"226",52,3,64160,4,0,0,0,323,64219,"g","g","a","a",0.00183595664283971
"227",5,63997,0,34,0,0,0,324,64036,"c","c","t","t",0.00121740591206023
"228",63742,5,83,18,1,0,0,325,63848,"a","a","g","g",0.00331585416237515
"229",5,84,4,63606,7,0,0,326,63699,"t","t","c","c",0.00291610239040629
"230",13,106,0,63402,0,0,0,327,63521,"t","t","c","c",0.00374045621024144
"231",63141,1,68,14,0,0,0,328,63224,"a","a","g","g",0.00262265572447928
"232",4,62830,4,80,0,0,0,329,62918,"c","c","t","t",0.00279371071660691
"233",12,50,1,62344,1,0,0,330,62407,"t","c","c","t",0.00201730604418127
"234",62021,2,44,15,1,0,0,331,62082,"a","a","g","g",0.00196361570036589
"235",12,66,1,61661,1,0,0,332,61740,"t","t","c","c",0.0025563008148638
"236",32,0,60948,2,0,0,0,333,60982,"g","g","a","a",0.00111449585374851
"237",60464,2,136,15,0,0,0,334,60617,"a","a","g","g",0.00503662197837135
"238",7158,2,52548,10,3,0,0,335,59718,"g","g","a","a",0.211345914072147
"239",59255,1,77,14,0,0,0,336,59347,"a","a","g","g",0.00309626700170483
"240",10,96,0,58780,0,0,0,337,58886,"t","t","c","c",0.00359424967992683
"241",34,2,58402,9,0,0,0,338,58447,"g","g","a","a",0.00153890054774627
"242",3,58055,3,29,0,0,0,339,58090,"c","c","t","t",0.00120440910026151
"243",57875,1,11,1,0,0,0,340,57888,"a","a","g","g",0.000449056035390295
"244",57623,0,2,0,0,0,0,341,57625,"a","a","g","g",6.9411907529105e-05
"245",0,0,0,56912,0,0,0,342,56912,"t","t","c","c",0
"246",56761,0,0,0,0,0,0,343,56761,"a","a","g","g",0
"247",56564,0,0,0,0,0,0,344,56564,"a","a","g","g",0
"248",2690,0,245,1,0,0,0,345,2936,"a","g","g","a",0.153591096897297
"249",2684,0,0,0,0,0,0,346,2684,"a","a","g","g",0
"250",0,147,988,0,0,0,0,347,1135,"g","c","a","t",0.225482349744804
"251",154,1,0,980,0,0,0,348,1135,"t","a","c","g",0.236067457160046
"252",0,0,1135,0,0,0,0,349,1135,"g","g","a","a",0
"253",1135,0,0,0,0,0,0,350,1135,"a","a","g","g",0
"254",4,0,978,153,0,0,0,351,1135,"g","t","a","c",0.23933396728056
"255",1135,0,0,0,0,0,0,352,1135,"a","a","g","g",0
"256",0,988,0,0,0,0,0,353,988,"c","c","t","t",0
"257",988,0,0,0,0,0,0,354,988,"a","a","g","g",0
"258",0,0,988,0,0,0,0,355,988,"g","g","a","a",0
"259",988,0,0,0,0,0,0,356,988,"a","a","g","g",0
"260",0,0,0,988,0,0,0,357,988,"t","t","c","c",0
"261",987,0,0,0,0,0,0,358,987,"a","a","g","g",0
"262",926,0,61,0,0,0,0,359,987,"a","g","g","a",0.115967557990451
"263",987,0,0,0,0,0,0,360,987,"a","a","g","g",0
"264",0,0,0,982,0,0,0,361,982,"t","t","c","c",0
"265",0,0,982,0,0,0,0,362,982,"g","g","a","a",0
"266",0,0,979,0,0,0,0,363,979,"g","g","a","a",0
"267",0,0,976,0,0,0,0,364,976,"g","g","a","a",0
"268",0,0,973,0,0,0,0,365,973,"g","g","a","a",0
"269",2303,0,0,0,0,0,0,601,2303,"a","a","g","g",0
"270",2801,2,115,1,0,0,0,602,2919,"a","g","g","a",0.0776627266678801
"271",0,0,0,70000,0,0,0,603,70000,"t","t","c","c",0
"272",0,0,70001,0,0,0,0,604,70001,"g","g","a","a",0
"273",70000,0,1,1,0,0,0,605,70002,"a","a","g","g",5.71400001166081e-05
"274",69999,2,2,0,0,0,0,606,70003,"a","a","g","g",0.000114275918997038
"275",70003,0,0,1,0,0,0,607,70004,"a","a","g","g",2.8569387894987e-05
"276",0,0,70004,1,0,0,0,608,70005,"g","g","a","a",2.85689797960445e-05
"277",1,2,0,70003,0,0,0,609,70006,"t","t","c","c",8.57040827519917e-05
"278",70003,0,3,1,0,0,0,610,70007,"a","a","g","g",0.000114268981795513
"279",44,1,69948,15,0,0,0,611,70008,"g","a","a","g",0.00171291416867446
"280",70005,0,4,0,0,0,0,612,70009,"a","a","g","g",0.000114264493363999
"281",31,100,5,69874,0,0,0,613,70010,"t","t","c","c",0.00387914424696745
"282",38,0,69964,9,0,0,0,614,70011,"g","g","a","a",0.00134188435422989
"283",9,83,0,69921,0,0,0,616,70013,"t","t","c","c",0.00262493472962821
"284",69837,4,153,18,2,0,0,617,70012,"a","a","g","g",0.00498805007297911
"285",6,69965,2,42,0,0,0,618,70015,"c","c","t","t",0.00142738738068131
"286",69889,3,117,7,0,0,0,619,70016,"a","a","g","g",0.00362164787380025
"287",21,91,10,69895,0,0,0,620,70017,"t","t","c","c",0.00348003235046457
"288",41,2,69963,10,2,0,0,621,70016,"g","g","a","a",0.00151300254835967
"289",69856,3,117,43,0,0,0,622,70019,"a","a","g","g",0.00464728868049767
"290",69847,2,159,12,0,0,0,623,70020,"a","a","g","g",0.00493015420329994
"291",15,73,5,69928,0,0,0,624,70021,"t","t","c","c",0.00265344402130785
"292",29,69941,4,47,1,0,0,625,70021,"c","c","t","t",0.00228309809892726
"293",69892,1,109,21,0,0,0,626,70023,"a","a","g","g",0.00373561456019932
"294",6,69967,0,51,0,0,0,627,70024,"c","c","t","t",0.00162681285138282
"295",22,118,7,69877,1,0,0,628,70024,"t","t","c","c",0.00419120512992432
"296",82,2,69929,12,1,0,0,629,70025,"g","g","a","a",0.00273859697937732
"297",13,136,1,69873,3,0,0,630,70023,"t","t","c","c",0.00427591087857415
"298",69921,6,51,32,16,0,0,631,70010,"a","a","g","g",0.00254013093115994
"299",69886,6,102,32,0,0,0,632,70026,"a","a","g","g",0.00399217995229785
"300",16,69968,1,40,1,0,0,633,70025,"c","c","t","t",0.0016269487066701
"301",69884,21,100,19,2,0,0,634,70024,"a","a","g","g",0.00399242880399586
"302",8,69969,1,44,4,0,0,635,70022,"c","c","t","t",0.00151282892952807
"303",16,114,4,69888,3,0,0,636,70022,"t","c","c","t",0.00382100029994115
"304",27,104,8,69885,2,0,0,637,70024,"t","a","c","g",0.00396375948673455
"305",7,69957,7,46,10,0,0,638,70017,"c","g","t","a",0.00171268353433111
"306",0,62,1,69955,10,0,0,639,70018,"t","t","c","c",0.00179794338778139
"307",16,118,0,69894,2,0,0,641,70028,"t","t","c","c",0.00382048748852692
"308",12,73,8,69938,0,0,0,642,70031,"t","t","c","c",0.00265307410383364
"309",69942,3,74,10,3,0,0,643,70029,"a","a","g","g",0.00248200264936308
"310",15,159,1,69851,7,0,0,644,70026,"t","t","c","c",0.00498669654154726
"311",26,69955,4,49,0,0,0,645,70034,"c","t","t","c",0.00225414401402098
"312",14,69990,4,27,0,0,0,646,70035,"c","c","t","t",0.00128446704856944
"313",69890,20,105,20,0,0,0,647,70035,"a","a","g","g",0.00413408936690673
"314",69929,1,84,23,0,0,0,648,70037,"a","a","g","g",0.00308015970530362
"315",25,0,70003,10,0,0,0,649,70038,"g","g","a","a",0.000999059909925779
"316",69914,3,93,28,0,0,0,650,70038,"a","a","g","g",0.00353587551764125
"317",21,1,70015,1,0,0,0,651,70038,"g","a","a","g",0.000656588163847972
"318",18,144,2,69875,0,0,0,652,70039,"t","t","c","c",0.00467332826928935
"319",7,69984,4,44,1,0,0,653,70039,"c","c","t","t",0.00156952897643578
"320",89,108,2,69838,4,0,0,654,70037,"t","c","c","t",0.00567064373517157
"321",11,156,4,69867,4,0,0,655,70038,"t","t","c","c",0.00487211333096882
"322",49,2,69983,9,0,0,0,656,70043,"g","g","a","a",0.00171199278325927
"323",38,97,8,69901,0,0,0,657,70044,"t","t","c","c",0.00407675455089185
"324",28,3,70001,12,1,0,0,658,70044,"g","g","a","a",0.00122723181145324
"325",69871,1,139,35,0,0,0,659,70046,"a","a","g","g",0.00498628689009085
"326",6,69993,1,45,2,0,0,660,70045,"c","c","t","t",0.00148378839356101
"327",69903,4,120,21,0,0,0,661,70048,"a","a","g","g",0.0041327054484965
"328",69825,3,197,23,0,0,0,662,70048,"a","a","g","g",0.00634890871541775
"329",38,1,70007,3,1,0,0,663,70049,"g","g","a","a",0.00119850477135904
"330",4,70007,4,36,0,0,0,664,70051,"c","c","t","t",0.00125556245272855
"331",69960,4,70,18,0,0,0,665,70052,"a","a","g","g",0.00262382764080515
"332",16,69,4,69960,3,0,0,666,70049,"t","t","c","c",0.00253843841177648
"333",12,72,1,69969,0,0,0,667,70054,"t","t","c","c",0.00242414131079483
"334",69904,0,138,4,2,0,0,668,70046,"a","a","g","g",0.00404648409796922
"335",17,126,3,69894,1,0,0,669,70040,"t","t","c","c",0.00416140397540654
"336",15,83,4,69938,0,0,0,670,70040,"t","t","c","c",0.00290904707793627
"337",2433,1,67557,16,20,0,0,671,70007,"g","g","a","a",0.0675603758206608
"338",39,1,69967,17,0,0,0,672,70024,"g","g","a","a",0.00162698130727896
"339",1746,3,68255,13,0,0,0,673,70017,"g","g","a","a",0.0490754604533293
"340",69871,3,112,24,1,0,0,674,70010,"a","a","g","g",0.0039642407482711
"341",6,58,4,69936,0,0,0,675,70004,"t","t","c","c",0.00194110549997195
"342",69899,4,76,19,1,0,0,676,69998,"a","g","g","a",0.00282539614277914
"343",7,69934,9,33,0,0,0,677,69983,"c","c","t","t",0.00139960094811672
"344",19,63,4,69901,0,0,0,678,69987,"t","t","c","c",0.00245520205159266
"345",69902,1,79,10,1,0,0,679,69992,"a","a","g","g",0.00256877446183585
"346",13,93,7,69859,15,0,0,680,69972,"t","t","c","c",0.00322544432918814
"347",4,76,3,69910,0,0,0,681,69993,"t","t","c","c",0.00236907542404707
"348",69849,14,98,11,3,0,0,682,69972,"a","a","g","g",0.00351057565393306
"349",27,0,69954,8,0,0,0,683,69989,"g","g","a","a",0.000999745201355221
"350",69861,3,108,14,0,0,0,684,69986,"a","a","g","g",0.0035665297345388
"351",6,123,5,69799,53,0,0,685,69933,"t","t","c","c",0.00382546197159073
"352",13,76,6,69863,0,0,0,686,69958,"t","t","c","c",0.00271284913621528
"353",9,56,4,69921,0,0,0,687,69990,"t","t","c","c",0.00197007834952678
"354",69872,7,99,5,0,0,0,688,69983,"a","a","g","g",0.00316766696569849
"355",37,0,69946,12,0,0,0,689,69995,"g","g","a","a",0.00139930111751014
"356",25,2,69960,8,1,0,0,690,69995,"g","a","a","g",0.000999679949177964
"357",17,39,0,69928,0,0,0,691,69984,"t","t","c","c",0.00159935594854888
"358",69899,3,75,15,0,0,0,692,69992,"a","a","g","g",0.00265448507212119
"359",13,96,0,69873,0,0,0,693,69982,"t","t","c","c",0.00311074450372817
"360",26,162,6,69792,0,0,0,694,69986,"t","t","c","c",0.0055307786208294
"361",39,2,69842,3,96,0,0,695,69886,"g","g","a","a",0.00125848306827015
"362",33,108,7,69830,0,0,0,696,69978,"t","t","c","c",0.00422281351464959
"363",44,5,69917,7,1,0,0,697,69973,"g","g","a","a",0.00159956636628168
"364",6,69899,3,39,1,0,0,698,69947,"c","c","t","t",0.00137167673230878
"365",69868,4,95,18,0,0,0,699,69985,"a","a","g","g",0.00333886670792693
"366",4,69903,28,27,0,0,0,700,69962,"c","c","t","t",0.00168560632482303
"367",7,69917,4,28,1,0,0,701,69956,"c","c","t","t",0.00111450228089259
"368",30,135,1,69796,18,0,0,702,69962,"t","g","c","a",0.00473589594444712
"369",11,69817,2,50,0,0,0,703,69880,"c","c","t","t",0.00180174067311076
"370",4,69755,6,42,0,0,0,704,69807,"c","c","t","t",0.00148889438088666
"371",69757,3,99,28,2,0,0,705,69887,"a","a","g","g",0.00371466214748005
"372",49,0,69863,13,1,0,0,706,69925,"g","g","a","a",0.00177201677725859
"373",30,1,69932,7,0,0,0,707,69970,"g","g","a","a",0.00108569080086554
"374",41,73,4,69858,6,0,0,708,69976,"t","t","c","c",0.00336830644275576
"375",42,58,1,69880,0,0,0,709,69981,"t","t","c","c",0.00288336749319096
"376",69857,4,92,9,4,0,0,710,69962,"a","a","g","g",0.00299762796984189
"377",20,102,5,69852,0,0,0,711,69979,"t","t","c","c",0.0036241553915507
"378",42,0,69879,10,0,0,0,712,69931,"g","g","a","a",0.00148624613502976
"379",8,69846,4,53,1,0,0,713,69911,"c","c","t","t",0.00185805155198199
"380",18,3246,6,66545,32,0,0,714,69815,"t","t","c","c",0.0893205447168415
"381",18,120,5,69778,1,0,0,715,69921,"t","t","c","c",0.00408313100941715
"382",10,101,4,69825,0,0,0,716,69940,"t","t","c","c",0.00328372029164425
"383",32,6,69913,11,1,0,0,717,69962,"g","g","a","a",0.00140002859806113
"384",0,69902,2,48,0,0,0,718,69952,"c","c","t","t",0.00142856912103477
"385",18,190,8,69694,18,0,0,719,69910,"t","t","c","c",0.00616236160021089
"386",8,68,1,69905,0,0,0,720,69982,"t","t","c","c",0.00219839780616138
"387",69916,6,53,14,1,0,0,721,69989,"a","a","g","g",0.00208433339208556
"388",27,6,69935,9,0,0,0,722,69977,"g","g","a","a",0.00119986141204481
"389",69842,1,102,19,0,0,0,723,69964,"a","g","g","a",0.00348226777889526
"390",11,114,7,69851,0,0,0,724,69983,"t","t","c","c",0.00376609882179446
"391",36,2,69945,12,0,0,0,725,69995,"g","g","a","a",0.00142786846371996
"392",20,68,1,69900,2,0,0,726,69989,"t","t","c","c",0.00254061392612892
"393",69901,2,63,4,17,0,0,727,69970,"a","a","g","g",0.00197048658575966
"394",69841,4,115,13,0,0,0,728,69973,"a","a","g","g",0.00376658631641525
"395",14,138,3,69823,0,0,0,729,69978,"t","t","c","c",0.00442112672050476
"396",43,5,69923,14,0,0,0,730,69985,"g","g","a","a",0.00177060078842262
"397",69816,5,126,25,2,0,0,731,69972,"a","a","g","g",0.00445058056868859
"398",2,69901,3,37,2,0,0,732,69943,"c","t","t","c",0.00120033485147488
"399",69809,10,149,15,0,0,0,733,69983,"a","a","g","g",0.00496185505735918
"400",4,69896,3,74,0,0,0,734,69977,"c","c","t","t",0.00231258312128455
"401",69803,31,104,16,3,0,0,735,69954,"a","a","g","g",0.00431000434857872
"402",69762,7,110,14,0,0,0,736,69893,"a","a","g","g",0.00374254704209574
"403",69662,2,209,8,0,0,0,737,69881,"a","a","g","g",0.00624901798925652
"404",18,156,5,69658,1,0,0,738,69837,"t","t","c","c",0.00511459165140782
"405",3,72,3,69684,0,0,0,739,69762,"t","t","c","c",0.00223385541385368
"406",69666,1,66,7,0,0,0,740,69740,"a","a","g","g",0.00212013625273246
"407",10,112,2,69590,0,0,0,741,69714,"t","t","c","c",0.0035516254230995
"408",22,100,8,69566,0,0,0,742,69696,"t","t","c","c",0.00372483607940577
"409",9,69623,5,39,1,0,0,743,69676,"c","c","t","t",0.00152041354107995
"410",69534,7,103,16,0,0,0,744,69660,"a","a","g","g",0.0036120502116469
"411",26,0,69619,10,1,0,0,745,69655,"g","g","a","a",0.00103323886859121
"412",37,2,69601,7,0,0,0,746,69647,"g","g","a","a",0.0013202176830389
"413",3,69605,1,23,0,0,0,747,69632,"c","c","t","t",0.000775243996748909
"414",31,115,1,69471,0,0,0,748,69618,"t","t","c","c",0.00421566006825924
"415",47,75,2,69479,0,0,0,749,69603,"t","t","c","c",0.00355827306140677
"416",0,0,0,69591,0,0,0,750,69591,"t","t","c","c",0
"417",68529,5,198,15,4,0,0,751,68747,"a","g","g","a",0.00632369136465967
"418",21,144,2,68459,96,0,0,752,68626,"t","c","c","t",0.00485654074085795
"419",35,0,68535,56,96,0,0,753,68626,"g","t","a","c",0.0026493717265344
"420",26,68610,6,37,44,0,0,754,68679,"c","c","t","t",0.00200789727743174
"421",6,68673,0,0,44,0,0,755,68679,"c","c","t","t",0.000174710634176511
"422",17,87,2,68618,0,0,0,756,68724,"t","t","c","c",0.00308075935356733
"423",68667,1,46,10,0,0,0,757,68724,"a","a","g","g",0.00165765183147905
"424",68600,3,79,42,1,0,0,758,68724,"a","a","g","g",0.00360368507515829
"425",65799,1,2893,6,26,0,0,759,68699,"a","c","g","t",0.0808709524540798
"426",12,102,5,68607,0,0,0,760,68726,"t","t","c","c",0.00345779045909744
"427",27,2,68688,9,0,0,0,761,68726,"g","g","a","a",0.00110536252501545
"428",9,222,0,68495,0,0,0,762,68726,"t","t","c","c",0.00670059776276588
"429",10,81,4,68630,1,0,0,763,68725,"t","t","c","c",0.0027613171944797
"430",7,68622,7,87,2,0,0,764,68723,"c","c","t","t",0.00293555286743857
"431",8,175,2,68536,4,0,0,765,68721,"t","t","c","c",0.00537034297677463
"432",68622,6,77,5,15,0,0,766,68710,"a","a","g","g",0.00255858123171859
"433",68152,6,494,32,0,0,0,767,68684,"a","a","g","g",0.0153792859033184
"434",35,1,68628,11,0,0,0,768,68675,"g","g","a","a",0.00136801193849618
"435",32,5,68593,8,2,0,0,769,68638,"g","g","a","a",0.00131056094123776
"436",17,70,7,68497,3,0,0,770,68591,"t","t","c","c",0.00273789291205162
"437",191,3,68351,7,13,0,0,771,68552,"g","a","a","g",0.00584778912841963
"438",27,3,68517,4,0,0,0,772,68551,"g","g","a","a",0.000991555739998471
"439",39,62,13,68408,0,0,0,773,68522,"t","t","c","c",0.00332345197020845
"440",1572,2,66848,12,27,0,0,774,68434,"g","g","a","a",0.0452864196363595
"441",40,5,68382,5,0,0,0,775,68432,"g","g","a","a",0.00146041845710949
"442",16,138,0,68241,1,0,0,776,68395,"t","t","c","c",0.00449405753543886
"443",13,68283,3,35,1,0,0,777,68334,"c","t","t","c",0.00149181089135286
"444",18,1010,0,67266,0,0,0,778,68294,"t","t","c","c",0.02965976991519
"445",191,67969,6,31,0,0,0,779,68197,"c","c","t","t",0.00666727543388473
"446",20,174,0,67952,1,0,0,780,68146,"t","t","c","c",0.00567894761326637
"447",17,99,5,67955,0,0,0,781,68076,"t","t","c","c",0.0035495086023194
"448",5,68010,2,47,0,0,0,782,68064,"c","c","t","t",0.00158562936575755
"449",67479,6,534,20,0,0,0,783,68039,"a","a","g","g",0.0163317127497925
"450",14,97,7,67899,0,0,0,784,68017,"t","t","c","c",0.00346462430521843
"451",40,4,67943,4,0,0,0,785,67991,"g","g","a","a",0.00141110014538891
"452",26,65221,4,1930,2,0,0,786,67181,"c","c","t","t",0.0566731833240144
"453",66962,10,148,28,2,0,0,787,67148,"a","a","g","g",0.00552727423212611
"454",6,66998,5,55,3,0,0,788,67064,"c","c","t","t",0.00196661444848239
"455",66874,3,107,21,7,0,0,789,67005,"a","a","g","g",0.00390368332247324
"456",66237,3,118,19,613,0,0,790,66377,"a","a","g","g",0.00421063578224954
"457",22,5,66317,10,613,0,0,791,66354,"g","g","a","a",0.00111478117659813
"458",47,7,66847,4,3,0,0,792,66905,"g","a","a","g",0.00173254213079362
"459",66781,3,72,17,0,0,0,793,66873,"a","a","g","g",0.00274836564002501
"460",9,156,1,66627,1,0,0,794,66793,"t","t","c","c",0.00495893079464393
"461",35,2,66726,7,0,0,0,795,66770,"g","g","a","a",0.00131723625295582
"462",66527,2,195,19,0,0,0,796,66743,"a","a","g","g",0.00645349728053124
"463",13,124,1,66569,0,0,0,797,66707,"t","t","c","c",0.00412972347301555
"464",26,4,66619,14,0,0,0,798,66663,"g","g","a","a",0.00131943713409347
"465",29,11,66569,15,0,0,0,799,66624,"g","g","a","a",0.00165010776205137
"466",66319,4,216,20,0,0,0,800,66559,"a","a","g","g",0.00718801935454341
"467",34,3,66500,6,0,0,0,801,66543,"g","g","a","a",0.00129170859408242
"468",66355,0,1,0,0,0,0,802,66356,"a","a","g","g",3.01400002944672e-05
"469",1,66230,0,0,0,0,0,803,66231,"c","c","t","t",3.01968836746713e-05
"470",66077,0,0,0,0,0,0,804,66077,"a","a","g","g",0
"471",0,65918,0,0,0,0,0,805,65918,"c","c","t","t",0
"472",65693,0,0,0,0,0,0,806,65693,"a","a","g","g",0
"473",35,0,1290,0,0,0,0,807,1325,"g","a","a","g",0.051434674261303
"474",1293,0,0,0,0,0,0,808,1293,"a","a","g","g",0
"475",0,1146,0,0,0,0,0,809,1146,"c","c","t","t",0
